step,contact_force_x,contact_force_y,contact_force_z,contact_force_magnitude,link_data[link2_force_x_raw],link_data[link2_force_y_raw],link_data[link2_force_z_raw],link_data[link2_torque_x_raw],link_data[link2_torque_y_raw],link_data[link2_torque_z_raw]
5,0.0,0.0,0.0,0.0,35.01411437988281,-9.738950729370117,89.01158142089844,-2.2184178829193115,-29.751266479492188,-0.47312936186790466
10,0.0,0.0,0.0,0.0,26.14617919921875,-5.915586471557617,38.65220260620117,-0.6335662007331848,-13.092459678649902,0.9642297029495239
15,0.0,0.0,0.0,0.0,21.186626434326172,-1.7513982057571411,18.933984756469727,0.9140808582305908,-7.462752819061279,2.611567974090576
20,0.0,0.0,0.0,0.0,18.058347702026367,0.6873708367347717,14.005465507507324,0.6213343739509583,-5.509574890136719,3.2594165802001953
25,0.0,0.0,0.0,0.0,14.419235229492188,2.8168094158172607,8.690701484680176,0.22144949436187744,-3.3859286308288574,3.5711610317230225
30,0.0,0.0,0.0,0.0,11.649166107177734,4.107442378997803,4.564990043640137,-0.011542300693690777,-1.7034868001937866,3.664868116378784
35,0.0,0.0,0.0,0.0,9.781078338623047,4.912309169769287,1.5198153257369995,-0.10519593209028244,-0.4803139269351959,3.695777177810669
40,0.0,0.0,0.0,0.0,8.546231269836426,5.403855323791504,-0.615627646446228,-0.1410101354122162,0.3779304325580597,3.6945958137512207
45,0.0,0.0,0.0,0.0,7.757358551025391,5.6923065185546875,-2.0746190547943115,-0.15326638519763947,0.9726535677909851,3.6791231632232666
50,0.0,0.0,0.0,0.0,7.612078666687012,5.7393479347229,-2.0075745582580566,-0.16250275075435638,0.9299507737159729,3.6847479343414307
55,0.0,0.0,0.0,0.0,7.2279839515686035,5.840281963348389,-2.793497323989868,-0.1682123988866806,1.2734065055847168,3.645117998123169
60,0.0,0.0,0.0,0.0,7.126572132110596,5.841981887817383,-2.934011459350586,-0.18048107624053955,1.3606247901916504,3.6194496154785156
65,0.0,0.0,0.0,0.0,7.163562774658203,5.782533645629883,-2.7771763801574707,-0.19443823397159576,1.32504141330719,3.5888917446136475
70,0.0,0.0,0.0,0.0,7.276726722717285,5.707882881164551,-2.432764768600464,-0.2148999571800232,1.2203038930892944,3.5646986961364746
75,0.0,0.0,0.0,0.0,7.42055606842041,5.633453369140625,-1.9717997312545776,-0.2431199997663498,1.0678735971450806,3.5387258529663086
80,0.0,0.0,0.0,0.0,7.577759742736816,5.570541858673096,-1.4477338790893555,-0.2765122354030609,0.8941375613212585,3.50827956199646
85,0.0,0.0,0.0,0.0,7.8478617668151855,5.523946285247803,-0.5661848783493042,-0.3267146348953247,0.5710307955741882,3.4718267917633057
90,0.0,0.0,0.0,0.0,8.214164733886719,5.5234694480896,0.6667675375938416,-0.3967667818069458,0.07916640490293503,3.4478461742401123
95,0.0,0.0,0.0,0.0,8.048547744750977,5.704098224639893,-0.38679400086402893,-0.3029410243034363,0.4932098686695099,3.3612828254699707
100,0.0,0.0,0.0,0.0,8.07477855682373,5.8067731857299805,-1.2718628644943237,-0.1279299557209015,0.7352386116981506,3.2775542736053467
105,0.0,0.0,0.0,0.0,8.244195938110352,5.905290603637695,-2.0502588748931885,0.12097156047821045,0.8163696527481079,3.223606824874878
110,0.0,0.0,0.0,0.0,8.417466163635254,6.209148406982422,-2.8451387882232666,0.3890218138694763,0.8544418215751648,3.24621844291687
115,0.0,0.0,0.0,0.0,8.54002857208252,7.091441631317139,-2.351267099380493,0.30322176218032837,0.6351680755615234,3.450432300567627
120,0.0,0.0,0.0,0.0,8.504263877868652,8.610201835632324,-0.05148034915328026,-0.37771978974342346,0.2761002480983734,3.815767526626587
125,0.0,0.0,0.0,0.0,8.417513847351074,10.104440689086914,2.658653974533081,-1.234357237815857,0.019094953313469887,4.180362224578857
135,0.0,0.0,0.0,0.0,9.56492805480957,4.066486835479736,-4.564849853515625,0.2541700303554535,2.973144769668579,3.900670289993286
140,5.172946929931641,-0.05160867050290108,-5.194921970367432,7.331388473510742,8.23031997680664,5.235381603240967,0.9587333798408508,-1.0001813173294067,0.7901250123977661,4.0635223388671875
145,7.185051441192627,-0.010734029114246368,-7.197433948516846,10.169962882995605,8.057315826416016,5.654842853546143,1.7421149015426636,-1.230735421180725,0.5436388850212097,4.053523540496826
150,6.915154933929443,-0.05352524295449257,-6.948904991149902,9.803545951843262,8.072929382324219,5.702421188354492,1.5544321537017822,-1.1811072826385498,0.5455396175384521,4.091236114501953
155,6.48682165145874,0.004314689431339502,-6.497977256774902,9.18164348602295,8.09443473815918,5.475147247314453,1.467572808265686,-1.170520544052124,0.6362844705581665,4.075952529907227
160,7.31781005859375,-0.0010070051066577435,-7.325109481811523,10.354108810424805,8.126015663146973,5.778151035308838,1.509220004081726,-1.1887503862380981,0.6107798218727112,4.129240036010742
165,7.648792743682861,0.0029914486221969128,-7.6641035079956055,10.827858924865723,8.124239921569824,5.805009841918945,2.730238914489746,-1.5105888843536377,0.20205117762088776,4.158918857574463
170,7.165813446044922,-0.003201940329745412,-7.171476364135742,10.137995719909668,8.139406204223633,5.755923271179199,1.2268489599227905,-1.105735182762146,0.6896725296974182,4.133703708648682
175,8.18705940246582,0.0035012317821383476,-8.202329635620117,11.589054107666016,8.100144386291504,5.930980205535889,1.5571417808532715,-1.230589747428894,0.6407860517501831,4.153079986572266
180,7.182390213012695,-0.0023175913374871016,-7.188733100891113,10.161920547485352,8.113157272338867,5.723951816558838,1.1204206943511963,-1.088357925415039,0.7385754585266113,4.1246137619018555
185,6.940591335296631,-0.0027384618297219276,-6.947132587432861,9.820104598999023,8.201448440551758,5.651589870452881,1.1693824529647827,-1.0983387231826782,0.7175641655921936,4.156352996826172
190,6.99775505065918,-0.002367518376559019,-7.005335807800293,9.901681900024414,8.198694229125977,5.672710418701172,1.1460870504379272,-1.0881030559539795,0.723274290561676,4.157444953918457
195,7.063590049743652,-0.0024326988495886326,-7.071108818054199,9.994743347167969,8.198234558105469,5.692084789276123,1.1661193370819092,-1.090254545211792,0.7075567245483398,4.162652015686035
200,7.04499626159668,-0.0024219865445047617,-7.052607536315918,9.968513488769531,8.223085403442383,5.698697566986084,1.167853832244873,-1.0879095792770386,0.7033254504203796,4.175840377807617
205,7.071287631988525,-0.002316200640052557,-7.079135894775391,10.00586223602295,8.206432342529297,5.690843105316162,1.137613296508789,-1.0756466388702393,0.7064002156257629,4.167352199554443
210,7.030271053314209,-0.0024287430569529533,-7.037814140319824,9.947640419006348,8.224932670593262,5.691033840179443,1.1594899892807007,-1.0770765542984009,0.6930148005485535,4.177267551422119
215,7.092175483703613,-0.0022972109727561474,-7.099997520446777,10.035384178161621,8.205118179321289,5.696745872497559,1.1214970350265503,-1.0649312734603882,0.7017808556556702,4.170618057250977
220,7.12548828125,-0.0023169422056525946,-7.133549690246582,10.082664489746094,8.227518081665039,5.7158203125,1.156697154045105,-1.073853611946106,0.6890119314193726,4.184566974639893
225,6.987937927246094,-0.0025039203464984894,-6.995121955871582,9.887517929077148,8.222731590270996,5.682150363922119,1.0834157466888428,-1.0481128692626953,0.7069292664527893,4.177515506744385
230,7.248781681060791,-0.0022792527452111244,-7.257162570953369,10.257253646850586,8.227923393249512,5.744040012359619,1.2161085605621338,-1.0868231058120728,0.6632410883903503,4.192164421081543
235,7.037009239196777,-0.0024829294998198748,-7.044476509094238,9.95711612701416,8.233582496643066,5.697803974151611,1.1271936893463135,-1.057397484779358,0.6883289813995361,4.186492443084717
240,7.154900550842285,-0.002237319713458419,-7.163033962249756,10.124310493469238,8.20925521850586,5.711614608764648,1.1240389347076416,-1.0570701360702515,0.6887819766998291,4.178116321563721
245,7.080162048339844,-0.0023944973945617676,-7.087918281555176,10.01834774017334,8.227460861206055,5.705689907073975,1.1233546733856201,-1.0554662942886353,0.6874759793281555,4.186206817626953
255,0.0,0.0,0.0,0.0,60.527366638183594,-23.27865219116211,-130.48902893066406,-0.33373692631721497,48.62364959716797,-2.220127582550049
260,0.0,0.0,0.0,0.0,31.82225227355957,-10.890935897827148,-60.084930419921875,1.9494361877441406,20.68427848815918,0.7466975450515747
265,0.0,0.0,0.0,0.0,24.8571720123291,-4.296988487243652,-35.42299270629883,0.7970786094665527,13.190406799316406,2.533736228942871
270,0.0,0.0,0.0,0.0,22.207014083862305,-1.2516762018203735,-27.6690616607666,0.9898045063018799,10.191488265991211,3.493211269378662
275,0.0,0.0,0.0,0.0,19.0417423248291,0.9859688878059387,-19.890623092651367,1.1671464443206787,7.122824668884277,3.894707679748535
280,0.0,0.0,0.0,0.0,16.74227523803711,2.610090732574463,-12.955856323242188,1.0410106182098389,4.47677755355835,4.170445442199707
285,0.0,0.0,0.0,0.0,14.438429832458496,3.8238279819488525,-8.081475257873535,0.9692783355712891,2.5956637859344482,4.299641132354736
290,0.0,0.0,0.0,0.0,12.818266868591309,4.647795677185059,-5.114506721496582,0.9026284217834473,1.4739785194396973,4.371379852294922
295,0.0,0.0,0.0,0.0,10.933329582214355,5.5182318687438965,-1.3568476438522339,0.7529069781303406,0.034385018050670624,4.413327693939209
300,0.0,0.0,0.0,0.0,10.430336952209473,5.761302471160889,-0.7375136613845825,0.7072595953941345,-0.1935524195432663,4.41745662689209
305,0.0,0.0,0.0,0.0,9.825979232788086,6.024641036987305,0.002351283561438322,0.699057400226593,-0.5050451755523682,4.423284530639648
310,0.0,0.0,0.0,0.0,9.426347732543945,6.166600227355957,0.4242413640022278,0.7022753953933716,-0.7178778052330017,4.40780782699585
315,0.0,0.0,0.0,0.0,9.184304237365723,6.22306489944458,0.5892759561538696,0.717703640460968,-0.8436421155929565,4.381210803985596
320,0.0,0.0,0.0,0.0,9.03233528137207,6.235745429992676,0.633485734462738,0.7345227599143982,-0.9263782501220703,4.3471832275390625
325,0.0,0.0,0.0,0.0,8.932069778442383,6.234097957611084,0.6439445614814758,0.7423772215843201,-0.9912434816360474,4.307831764221191
330,0.0,0.0,0.0,0.0,8.853594779968262,6.249843120574951,0.7072871327400208,0.7275073528289795,-1.0596544742584229,4.266375541687012
335,0.0,0.0,0.0,0.0,8.816876411437988,6.293267250061035,0.8766123056411743,0.6684478521347046,-1.1320124864578247,4.222003936767578
340,0.0,0.0,0.0,0.0,8.140164375305176,6.740464687347412,3.343526840209961,0.2660179138183594,-2.036447048187256,4.174103260040283
345,0.0,0.0,0.0,0.0,8.5928955078125,6.609311103820801,3.26261305809021,0.06356029212474823,-1.7865020036697388,4.116584777832031
350,0.0,0.0,0.0,0.0,8.990388870239258,6.671581268310547,2.8299741744995117,-0.018941795453429222,-1.37333083152771,4.111995697021484
355,0.0,0.0,0.0,0.0,9.033795356750488,7.163480281829834,2.4246630668640137,0.0470731183886528,-1.180934190750122,4.145998954772949
360,0.0,0.0,0.0,0.0,8.833880424499512,8.044075965881348,0.9788782596588135,0.5252503752708435,-1.0487196445465088,4.236649036407471
365,0.0,0.0,0.0,0.0,8.634893417358398,8.991155624389648,-1.0980474948883057,1.1953365802764893,-0.920129120349884,4.378820896148682
370,0.0,0.0,0.0,0.0,8.618132591247559,9.767694473266602,-2.361189126968384,1.5606862306594849,-0.8978310227394104,4.55751371383667
375,0.0,0.0,0.0,0.0,-24.840978622436523,-17.652002334594727,-100.83415222167969,26.168325424194336,48.25733184814453,-14.932348251342773
380,8.212546348571777,0.06868826597929001,-8.206868171691895,11.610483169555664,7.76645565032959,5.545970916748047,11.627676010131836,-1.7863677740097046,-7.408481597900391,4.674197196960449
385,5.971188068389893,-0.024466458708047867,-5.972976207733154,8.44583511352539,11.176185607910156,2.994502067565918,-8.122021675109863,2.9961369037628174,1.81476891040802,4.427491188049316
390,8.618690490722656,-0.02116001583635807,-8.624948501586914,12.193113327026367,8.599203109741211,5.029514789581299,4.6542534828186035,0.0857921838760376,-4.334952354431152,4.596345901489258
395,8.98246955871582,-0.02312890812754631,-8.99108600616455,12.709245681762695,8.803051948547363,4.952719688415527,3.3833024501800537,0.4443947374820709,-3.9208409786224365,4.591179370880127
400,5.033175468444824,-0.012026997283101082,-5.037631034851074,7.121146202087402,10.28449535369873,3.088585376739502,-11.106355667114258,3.7123687267303467,3.2170472145080566,4.103102684020996
405,6.460350036621094,-0.013924557715654373,-6.464832782745361,9.139494895935059,9.104511260986328,4.285391330718994,-1.2709245681762695,1.5094337463378906,-1.6929813623428345,4.3407416343688965
410,7.200921058654785,-0.012319075874984264,-7.205753326416016,10.187065124511719,8.733558654785156,4.694324016571045,2.059988021850586,0.7758283615112305,-3.418860912322998,4.406303405761719
415,7.050543785095215,-0.009197231382131577,-7.054516315460205,9.973788261413574,8.709298133850098,4.701263427734375,2.1089937686920166,0.7845535278320312,-3.5021111965179443,4.37976598739624
420,7.109753608703613,-0.013478612527251244,-7.1147966384887695,10.0582857131958,8.729928016662598,4.6403632164001465,1.58310067653656,0.9644701480865479,-3.3728370666503906,4.341189384460449
425,7.259350776672363,-0.009066030383110046,-7.263501167297363,10.269211769104004,8.676570892333984,4.633335113525391,1.7892401218414307,0.907338559627533,-3.503812551498413,4.289896488189697
430,6.956418037414551,-0.013241162523627281,-6.960948944091797,9.841073989868164,8.731555938720703,4.585900783538818,1.262888789176941,1.0873662233352661,-3.334644079208374,4.281460762023926
435,7.302597999572754,-0.006595267448574305,-7.305941581726074,10.32979965209961,8.70405101776123,4.622106552124023,1.64380943775177,0.9701150059700012,-3.5285606384277344,4.24691915512085
440,6.79701042175293,-0.011330299079418182,-6.800718307495117,9.6150541305542,8.77862548828125,4.5362958908081055,1.1240568161010742,1.1405606269836426,-3.3330278396606445,4.246442794799805
445,7.2964091300964355,-0.0058316937647759914,-7.299473285675049,10.320849418640137,8.73622989654541,4.555161952972412,1.4759831428527832,1.017171859741211,-3.5038540363311768,4.202884197235107
450,6.987682819366455,-0.013443953357636929,-6.992093086242676,9.885204315185547,8.813170433044434,4.521369934082031,0.9702669978141785,1.202365517616272,-3.3077900409698486,4.228598117828369
455,7.252932548522949,-0.008295159786939621,-7.256783962249756,10.259922981262207,8.838086128234863,4.528893947601318,1.173538327217102,1.1234850883483887,-3.414896011352539,4.212164402008057
460,7.017740249633789,-0.011618571355938911,-7.0216569900512695,9.927360534667969,8.842613220214844,4.498109340667725,0.9915065169334412,1.1891272068023682,-3.330451488494873,4.207157135009766
465,6.741450309753418,-0.012810180895030499,-6.746710777282715,9.537579536437988,8.909090042114258,4.358322620391846,-0.8302555084228516,1.6136674880981445,-2.4433517456054688,4.165401458740234
470,7.171316146850586,-0.00819722842425108,-7.174140453338623,10.143773078918457,8.881691932678223,4.462684631347656,1.1575876474380493,1.119084358215332,-3.407780885696411,4.187132358551025
475,7.035358428955078,-0.014583687297999859,-7.040824890136719,9.953376770019531,8.885957717895508,4.502878189086914,0.9282389283180237,1.2294912338256836,-3.3057572841644287,4.221818447113037
480,7.130417823791504,-0.010081528685986996,-7.134676933288574,10.086950302124023,8.904696464538574,4.484154224395752,1.1525601148605347,1.1365034580230713,-3.4000673294067383,4.2049241065979
485,7.039161205291748,-0.011223744601011276,-7.0433244705200195,9.957828521728516,8.913702964782715,4.480277061462402,1.0886244773864746,1.160536289215088,-3.3650429248809814,4.209865093231201
490,6.90531063079834,-0.01127645093947649,-6.909998893737793,9.768905639648438,8.92271900177002,4.473666667938232,1.2226523160934448,1.122735619544983,-3.405848979949951,4.217400550842285
495,7.125179290771484,-0.011047187261283398,-7.129495620727539,10.079584121704102,8.938249588012695,4.490626335144043,1.1125314235687256,1.1533302068710327,-3.3761138916015625,4.218178749084473
505,0.0,0.0,0.0,0.0,72.29463958740234,-76.88433074951172,-5.997145652770996,4.079984188079834,-0.8894252181053162,-27.42514419555664
510,0.0,0.0,0.0,0.0,62.42231750488281,-56.197540283203125,-4.234737873077393,1.5147165060043335,-0.03603725507855415,-17.588153839111328
515,0.0,0.0,0.0,0.0,70.49361419677734,-43.42327880859375,-3.887277841567993,1.305334448814392,-0.3664553761482239,-9.118354797363281
520,0.0,0.0,0.0,0.0,86.30213165283203,-39.63264846801758,-4.606721878051758,1.201056957244873,-0.40375828742980957,-3.222505569458008
525,0.0,0.0,0.0,0.0,91.74602508544922,-37.098854064941406,-5.022915363311768,0.9554324746131897,-0.25369197130203247,0.9188586473464966
530,0.0,0.0,0.0,0.0,89.40746307373047,-34.69584655761719,-5.329348087310791,0.741885244846344,0.03331094607710838,3.613105297088623
535,0.0,0.0,0.0,0.0,81.00984191894531,-31.377405166625977,-5.559703350067139,0.6305367350578308,0.4232157766819,5.18734884262085
540,0.0,0.0,0.0,0.0,53.69512176513672,-16.98659324645996,-4.685023307800293,0.7882816791534424,0.9545704126358032,6.045826435089111
545,0.0,0.0,0.0,0.0,37.74566650390625,-8.408882141113281,-4.466100215911865,1.0272353887557983,1.3949559926986694,6.48561954498291
550,0.0,0.0,0.0,0.0,26.76321029663086,-2.1572353839874268,-2.8969902992248535,0.8365572094917297,0.8906915187835693,6.744064807891846
555,0.0,0.0,0.0,0.0,17.593984603881836,3.1537678241729736,-2.7840287685394287,1.0588359832763672,1.1160355806350708,6.783275604248047
560,0.0,0.0,0.0,0.0,12.001323699951172,6.527667045593262,-2.3582682609558105,1.0917891263961792,1.0248554944992065,6.8035383224487305
565,0.0,0.0,0.0,0.0,9.31425952911377,8.203059196472168,-1.9764394760131836,1.0522783994674683,0.8533124923706055,6.82930850982666
570,0.0,0.0,0.0,0.0,8.397007942199707,8.809626579284668,-1.6724666357040405,0.9782841801643372,0.6667352914810181,6.8553032875061035
575,0.0,0.0,0.0,0.0,8.395915031433105,8.838841438293457,-1.401328444480896,0.8836689591407776,0.4769999384880066,6.869590759277344
580,0.0,0.0,0.0,0.0,8.798462867736816,8.614553451538086,-1.1368544101715088,0.7714409828186035,0.28381213545799255,6.856025218963623
585,0.0,0.0,0.0,0.0,9.444625854492188,8.374019622802734,0.5323390364646912,0.13629062473773956,-0.5971528887748718,6.867397308349609
590,0.0,0.0,0.0,0.0,10.059072494506836,8.002870559692383,0.5778152942657471,0.08455540984869003,-0.625594973564148,6.755307674407959
595,0.0,0.0,0.0,0.0,10.44497299194336,7.73848819732666,-0.22401641309261322,0.3507566750049591,-0.21681083738803864,6.574888706207275
600,0.0,0.0,0.0,0.0,10.68600845336914,7.664531230926514,-0.5685745477676392,0.45096608996391296,-0.038036394864320755,6.397540092468262
605,0.0,0.0,0.0,0.0,10.782356262207031,7.783036708831787,-0.7908873558044434,0.49718934297561646,0.016011014580726624,6.21528434753418
610,0.0,0.0,0.0,0.0,10.72959041595459,8.097454071044922,-1.375205397605896,0.6723711490631104,0.1427321434020996,6.020719528198242
615,0.0,0.0,0.0,0.0,10.578333854675293,8.62094497680664,-1.8981562852859497,0.819372296333313,0.2227635681629181,5.811568260192871
620,0.0,0.0,0.0,0.0,10.3351469039917,9.384262084960938,-2.1925864219665527,0.8908785581588745,0.2878747582435608,5.5530242919921875
625,0.0,0.0,0.0,0.0,4.8927483558654785,11.2619047164917,-2.1735711097717285,0.864578902721405,0.33243221044540405,3.625140428543091
635,0.0,0.0,0.0,0.0,10.593292236328125,2.9023516178131104,-1.3858726024627686,0.612225353717804,0.12902694940567017,5.695107936859131
640,0.0,0.0,0.0,0.0,6.56817626953125,2.0187911987304688,1.1125609874725342,-0.683586061000824,-1.1325277090072632,3.4008941650390625
645,7.363045692443848,0.013505498878657818,-7.362792491912842,10.412749290466309,10.339916229248047,0.0313296802341938,-0.14635030925273895,-0.02545493096113205,-0.36820003390312195,5.587140083312988
650,6.4167585372924805,0.012127257883548737,-6.417585849761963,9.075260162353516,10.14718246459961,0.4650903344154358,-0.7501601576805115,0.3387274742126465,-0.10398871451616287,5.528660774230957
655,7.110419273376465,0.013552278280258179,-7.1118035316467285,10.056639671325684,10.349344253540039,0.08621862530708313,-0.8608433604240417,0.4425013065338135,0.010419627651572227,5.572137355804443
660,6.977034568786621,0.012339930981397629,-6.979390621185303,9.868690490722656,10.301010131835938,0.14598286151885986,-0.5815607309341431,0.31564024090766907,-0.03196318447589874,5.549660682678223
665,7.134181022644043,0.012899963185191154,-7.136993408203125,10.091252326965332,10.33655834197998,0.07115677744150162,-0.46436476707458496,0.2732226252555847,-0.021993158385157585,5.558396816253662
670,7.235459327697754,0.0131598599255085,-7.2385053634643555,10.234647750854492,10.38891315460205,0.02417467162013054,-0.3297279477119446,0.2143222987651825,-0.024485208094120026,5.578793525695801
675,7.010997772216797,0.012192634865641594,-7.01410436630249,9.917252540588379,10.323994636535645,0.11522551625967026,-0.23661287128925323,0.17637896537780762,-0.019055193290114403,5.548736095428467
680,7.203832626342773,0.01317574642598629,-7.206907749176025,10.189940452575684,10.374789237976074,0.023855432868003845,-0.18808503448963165,0.1535966545343399,-0.00749585498124361,5.566311359405518
685,7.048002243041992,0.012349853292107582,-7.0510430335998535,9.969538688659668,10.368782997131348,0.10322122275829315,-0.20087718963623047,0.1681356579065323,0.026939723640680313,5.573221206665039
690,6.979574203491211,0.013324374333024025,-6.982158660888672,9.872445106506348,10.328953742980957,0.1282983124256134,-0.21025995910167694,0.17378665506839752,0.04675492271780968,5.554444789886475
695,6.9890546798706055,0.012059827335178852,-6.992104530334473,9.88617992401123,10.3225736618042,0.12215209007263184,0.009795702062547207,0.04021766781806946,-0.04247363656759262,5.545708656311035
700,7.0629119873046875,0.012937616556882858,-7.065743446350098,9.990476608276367,10.338054656982422,0.0885060578584671,-0.1334085315465927,0.12125691771507263,0.023903891444206238,5.554134368896484
705,6.873483180999756,0.012613971717655659,-6.876082897186279,9.722419738769531,10.328282356262207,0.19094175100326538,-0.12594622373580933,0.11404062062501907,0.02586892619729042,5.563830852508545
710,7.057339668273926,0.012340448796749115,-7.060237884521484,9.98264217376709,10.340483665466309,0.08937887102365494,-0.1378433108329773,0.11424458026885986,0.026489565148949623,5.554767608642578
715,7.14254093170166,0.01309908926486969,-7.145357608795166,10.103078842163086,10.361655235290527,0.05109728127717972,-0.16610516607761383,0.1254275143146515,0.03384900838136673,5.562694549560547
720,7.095245361328125,0.012979181483387947,-7.098044395446777,10.036179542541504,10.362822532653809,0.083888940513134,-0.1725361943244934,0.1250133216381073,0.03295367211103439,5.570971488952637
725,7.063875675201416,0.012392024509608746,-7.066821098327637,9.99191951751709,10.347184181213379,0.0949157327413559,-0.20041584968566895,0.1368764489889145,0.03841331973671913,5.563267707824707
730,7.435370445251465,0.013663360849022865,-7.438275337219238,10.517264366149902,10.42518138885498,-0.0870017483830452,-0.197870135307312,0.12907785177230835,0.026829838752746582,5.579918384552002
735,7.156957626342773,0.013010872527956963,-7.159831523895264,10.123507499694824,10.372377395629883,0.05620960891246796,-0.29175621271133423,0.18307694792747498,0.0640823170542717,5.575425148010254
740,6.990729808807373,0.012798378244042397,-6.9933881759643555,9.888273239135742,10.352191925048828,0.1418931484222412,-0.25792261958122253,0.16061176359653473,0.045553967356681824,5.574921131134033
745,7.212339878082275,0.01264775637537241,-7.2154130935668945,10.201970100402832,10.361944198608398,0.016516052186489105,-0.2585836946964264,0.15775778889656067,0.03905805945396423,5.560498237609863
755,0.0,0.0,0.0,0.0,35.01402282714844,-9.739035606384277,89.01168060302734,-2.2183845043182373,-29.75132179260254,-0.47317081689834595
760,0.0,0.0,0.0,0.0,26.145862579345703,-5.915550708770752,38.651180267333984,-0.6334523558616638,-13.0922269821167,0.9643287062644958
765,0.0,0.0,0.0,0.0,21.1860408782959,-1.7508678436279297,18.93355941772461,0.9140802621841431,-7.462629795074463,2.6117215156555176
770,0.0,0.0,0.0,0.0,18.059988021850586,0.689677894115448,14.005080223083496,0.6208241581916809,-5.508984565734863,3.2603847980499268
775,0.0,0.0,0.0,0.0,14.419417381286621,2.820375919342041,8.690016746520996,0.22086480259895325,-3.3855247497558594,3.5726237297058105
780,0.0,0.0,0.0,0.0,11.650003433227539,4.107389450073242,4.566827297210693,-0.01127379946410656,-1.7024617195129395,3.664933204650879
785,0.0,0.0,0.0,0.0,9.786909103393555,4.9072675704956055,1.5203301906585693,-0.10394833981990814,-0.47863641381263733,3.6935558319091797
790,0.0,0.0,0.0,0.0,8.549552917480469,5.404837608337402,-0.6131361722946167,-0.14238710701465607,0.3764687776565552,3.694735527038574
795,0.0,0.0,0.0,0.0,7.759222030639648,5.693631172180176,-2.0707080364227295,-0.15431803464889526,0.9709597229957581,3.6805403232574463
800,0.0,0.0,0.0,0.0,7.613818645477295,5.73551607131958,-2.008009672164917,-0.16150346398353577,0.9302893280982971,3.6836657524108887
805,0.0,0.0,0.0,0.0,7.227627277374268,5.839442729949951,-2.7957069873809814,-0.16746272146701813,1.2750967741012573,3.645890712738037
810,0.0,0.0,0.0,0.0,7.12740421295166,5.842136383056641,-2.9359636306762695,-0.180998295545578,1.3603127002716064,3.619401454925537
815,0.0,0.0,0.0,0.0,7.166742324829102,5.779908657073975,-2.7789900302886963,-0.19356326758861542,1.3276581764221191,3.588082790374756
820,0.0,0.0,0.0,0.0,7.271503448486328,5.707451820373535,-2.4357268810272217,-0.21489500999450684,1.2186851501464844,3.5634829998016357
825,0.0,0.0,0.0,0.0,7.415410995483398,5.630364894866943,-1.9760301113128662,-0.24173998832702637,1.068281650543213,3.537792921066284
830,0.0,0.0,0.0,0.0,7.581551551818848,5.571002006530762,-1.4488548040390015,-0.27668195962905884,0.8961230516433716,3.5089917182922363
835,0.0,0.0,0.0,0.0,7.851010799407959,5.523391246795654,-0.5670779943466187,-0.3257889449596405,0.5741629004478455,3.4722015857696533
840,0.0,0.0,0.0,0.0,8.21636962890625,5.519157409667969,0.6666646599769592,-0.3954963684082031,0.08038748055696487,3.4463493824005127
845,0.0,0.0,0.0,0.0,8.048385620117188,5.709415912628174,-0.38932833075523376,-0.30336087942123413,0.4960870146751404,3.364063262939453
850,0.0,0.0,0.0,0.0,8.077566146850586,5.810092449188232,-1.271262526512146,-0.12841224670410156,0.7358192205429077,3.279409885406494
855,0.0,0.0,0.0,0.0,8.240755081176758,5.9018425941467285,-2.0450961589813232,0.12189927697181702,0.815314531326294,3.2220964431762695
860,0.0,0.0,0.0,0.0,8.413433074951172,6.2116546630859375,-2.8387768268585205,0.38698074221611023,0.8513897061347961,3.2467470169067383
865,0.0,0.0,0.0,0.0,8.542906761169434,7.088217735290527,-2.3480875492095947,0.30412399768829346,0.6332600712776184,3.449516534805298
870,0.0,0.0,0.0,0.0,8.50767707824707,8.608479499816895,-0.05395028740167618,-0.37662166357040405,0.27720344066619873,3.8157153129577637
875,0.0,0.0,0.0,0.0,8.41805362701416,10.101709365844727,2.657573699951172,-1.2335267066955566,0.02125328592956066,4.179335594177246
885,0.0,0.0,0.0,0.0,9.5655517578125,4.064423561096191,-4.553103923797607,0.2521325945854187,2.9676353931427,3.8997750282287598
890,5.135965824127197,-0.05132772773504257,-5.157824516296387,7.279006481170654,8.232190132141113,5.221397399902344,0.897089958190918,-0.9823821783065796,0.8092339634895325,4.060000896453857
895,6.873616695404053,-0.01609807088971138,-6.885846138000488,9.729426383972168,8.0748929977417,5.552575588226318,1.4961761236190796,-1.1612672805786133,0.6356689929962158,4.037156581878662
900,7.21475887298584,-0.054096221923828125,-7.24733829498291,10.22641658782959,8.05936336517334,5.789827823638916,1.50294029712677,-1.1812900304794312,0.5784711837768555,4.0986833572387695
905,6.968122482299805,0.0067979758605360985,-6.980673313140869,9.86329460144043,8.13759708404541,5.569942474365234,1.7274236679077148,-1.259488821029663,0.5927501916885376,4.093441486358643
910,7.116950988769531,0.0022964412346482277,-7.12581729888916,10.071160316467285,8.086028099060059,5.623863697052002,1.098423719406128,-1.0909827947616577,0.7872399687767029,4.066307544708252
915,6.865969657897949,-0.0031496535521000624,-6.870336055755615,9.71303653717041,8.115694046020508,5.66862154006958,1.0708011388778687,-1.077510952949524,0.7448592782020569,4.108962059020996
920,6.952919006347656,-0.00239698588848114,-6.960340976715088,9.838162422180176,8.164527893066406,5.659510135650635,1.4529868364334106,-1.173998236656189,0.6159018278121948,4.145082473754883
925,7.0546674728393555,-0.0024250990245491266,-7.06239652633667,9.982274055480957,8.198556900024414,5.686196804046631,1.398969054222107,-1.1516896486282349,0.6337494254112244,4.1599626541137695
930,6.964870929718018,-0.002841770648956299,-6.971691131591797,9.854639053344727,8.206781387329102,5.661946773529053,1.2811750173568726,-1.120086431503296,0.6688478589057922,4.163323402404785
935,7.0925140380859375,-0.002551714424043894,-7.100017547607422,10.035636901855469,8.202413558959961,5.6910719871521,1.405568242073059,-1.1412595510482788,0.6082994341850281,4.1680145263671875
940,7.043013572692871,-0.0027071135118603706,-7.050169467926025,9.965387344360352,8.202102661132812,5.678607940673828,1.4066258668899536,-1.1331367492675781,0.5954914689064026,4.169407367706299
945,7.1171555519104,-0.0025705858133733273,-7.124643325805664,10.070474624633789,8.202726364135742,5.691926956176758,1.4386003017425537,-1.1373835802078247,0.5783534646034241,4.173230171203613
950,7.068865776062012,-0.0026674987748265266,-7.076117992401123,10.002016067504883,8.208724021911621,5.6849493980407715,1.3862969875335693,-1.1191731691360474,0.5893800854682922,4.175845623016357
955,7.014433860778809,-0.0025480128824710846,-7.02202033996582,9.925273895263672,8.217940330505371,5.687718391418457,1.376856803894043,-1.1138619184494019,0.5889289975166321,4.1805596351623535
960,7.04090690612793,-0.00246805720962584,-7.0484843254089355,9.962705612182617,8.2152099609375,5.685572624206543,1.4056600332260132,-1.1175670623779297,0.5746467709541321,4.181101322174072
965,7.102860450744629,-0.002814719220623374,-7.109933376312256,10.049964904785156,8.220871925354004,5.6941962242126465,1.312110185623169,-1.0917773246765137,0.6026232242584229,4.183871269226074
970,7.037634372711182,-0.002571187447756529,-7.045085906982422,9.957988739013672,8.212018966674805,5.6825852394104,1.3391505479812622,-1.0955067873001099,0.5895785093307495,4.180143356323242
975,7.100801944732666,-0.0026506271678954363,-7.108184337615967,10.047271728515625,8.21930980682373,5.69460391998291,1.3541723489761353,-1.0979176759719849,0.5822762846946716,4.186461925506592
980,7.045889854431152,-0.0026949841994792223,-7.05308198928833,9.969480514526367,8.215319633483887,5.680342674255371,1.3477009534835815,-1.0927557945251465,0.5800945162773132,4.183446407318115
985,7.077976703643799,-0.0026556679513305426,-7.085253715515137,10.014918327331543,8.212981224060059,5.6882147789001465,1.3370927572250366,-1.0897328853607178,0.5830482840538025,4.1843647956848145
990,6.919719219207764,-0.0025515088345855474,-6.927127838134766,9.7912015914917,8.220226287841797,5.658609867095947,1.2748463153839111,-1.071728229522705,0.6038668155670166,4.180746555328369
995,7.042062282562256,-0.0025870681274682283,-7.049330711364746,9.96412181854248,8.21727180480957,5.6873602867126465,1.3590747117996216,-1.093279242515564,0.5735940337181091,4.187224388122559
1005,0.0,0.0,0.0,0.0,60.527366638183594,-23.27865219116211,-130.48902893066406,-0.33373692631721497,48.62364959716797,-2.220127582550049
1010,0.0,0.0,0.0,0.0,31.82225227355957,-10.890935897827148,-60.084930419921875,1.9494361877441406,20.68427848815918,0.7466975450515747
1015,0.0,0.0,0.0,0.0,24.8571720123291,-4.296988487243652,-35.42299270629883,0.7970786094665527,13.190406799316406,2.533736228942871
1020,0.0,0.0,0.0,0.0,22.207014083862305,-1.2516762018203735,-27.6690616607666,0.9898045063018799,10.191488265991211,3.493211269378662
1025,0.0,0.0,0.0,0.0,19.0417423248291,0.9859688878059387,-19.890623092651367,1.1671464443206787,7.122824668884277,3.894707679748535
1030,0.0,0.0,0.0,0.0,16.74227523803711,2.610090732574463,-12.955856323242188,1.0410106182098389,4.47677755355835,4.170445442199707
1035,0.0,0.0,0.0,0.0,14.438429832458496,3.8238279819488525,-8.081475257873535,0.9692783355712891,2.5956637859344482,4.299641132354736
1040,0.0,0.0,0.0,0.0,12.818266868591309,4.647795677185059,-5.114506721496582,0.9026284217834473,1.4739785194396973,4.371379852294922
1045,0.0,0.0,0.0,0.0,10.933329582214355,5.5182318687438965,-1.3568476438522339,0.7529069781303406,0.034385018050670624,4.413327693939209
1050,0.0,0.0,0.0,0.0,10.430336952209473,5.761302471160889,-0.7375136613845825,0.7072595953941345,-0.1935524195432663,4.41745662689209
1055,0.0,0.0,0.0,0.0,9.825979232788086,6.024641036987305,0.002351283561438322,0.699057400226593,-0.5050451755523682,4.423284530639648
1060,0.0,0.0,0.0,0.0,9.426347732543945,6.166600227355957,0.4242413640022278,0.7022753953933716,-0.7178778052330017,4.40780782699585
1065,0.0,0.0,0.0,0.0,9.184304237365723,6.22306489944458,0.5892759561538696,0.717703640460968,-0.8436421155929565,4.381210803985596
1070,0.0,0.0,0.0,0.0,9.03233528137207,6.235745429992676,0.633485734462738,0.7345227599143982,-0.9263782501220703,4.3471832275390625
1075,0.0,0.0,0.0,0.0,8.932069778442383,6.234097957611084,0.6439445614814758,0.7423772215843201,-0.9912434816360474,4.307831764221191
1080,0.0,0.0,0.0,0.0,8.853594779968262,6.249843120574951,0.7072871327400208,0.7275073528289795,-1.0596544742584229,4.266375541687012
1085,0.0,0.0,0.0,0.0,8.816876411437988,6.293267250061035,0.8766123056411743,0.6684478521347046,-1.1320124864578247,4.222003936767578
1090,0.0,0.0,0.0,0.0,8.140164375305176,6.740464687347412,3.343526840209961,0.2660179138183594,-2.036447048187256,4.174103260040283
1095,0.0,0.0,0.0,0.0,8.5928955078125,6.609311103820801,3.26261305809021,0.06356029212474823,-1.7865020036697388,4.116584777832031
1100,0.0,0.0,0.0,0.0,8.990388870239258,6.671581268310547,2.8299741744995117,-0.018941795453429222,-1.37333083152771,4.111995697021484
1105,0.0,0.0,0.0,0.0,9.033795356750488,7.163480281829834,2.4246630668640137,0.0470731183886528,-1.180934190750122,4.145998954772949
1110,0.0,0.0,0.0,0.0,8.833880424499512,8.044075965881348,0.9788782596588135,0.5252503752708435,-1.0487196445465088,4.236649036407471
1115,0.0,0.0,0.0,0.0,8.634893417358398,8.991155624389648,-1.0980474948883057,1.1953365802764893,-0.920129120349884,4.378820896148682
1120,0.0,0.0,0.0,0.0,8.618132591247559,9.767694473266602,-2.361189126968384,1.5606862306594849,-0.8978310227394104,4.55751371383667
1125,0.0,0.0,0.0,0.0,-24.840978622436523,-17.652002334594727,-100.83415222167969,26.168325424194336,48.25733184814453,-14.932348251342773
1130,8.212546348571777,0.06868826597929001,-8.206868171691895,11.610483169555664,7.76645565032959,5.545970916748047,11.627676010131836,-1.7863677740097046,-7.408481597900391,4.674197196960449
1135,5.971188068389893,-0.024466458708047867,-5.972976207733154,8.44583511352539,11.176185607910156,2.994502067565918,-8.122021675109863,2.9961369037628174,1.81476891040802,4.427491188049316
1140,8.618690490722656,-0.02116001583635807,-8.624948501586914,12.193113327026367,8.599203109741211,5.029514789581299,4.6542534828186035,0.0857921838760376,-4.334952354431152,4.596345901489258
1145,8.98246955871582,-0.02312890812754631,-8.99108600616455,12.709245681762695,8.803051948547363,4.952719688415527,3.3833024501800537,0.4443947374820709,-3.9208409786224365,4.591179370880127
1150,5.033175468444824,-0.012026997283101082,-5.037631034851074,7.121146202087402,10.28449535369873,3.088585376739502,-11.106355667114258,3.7123687267303467,3.2170472145080566,4.103102684020996
1155,6.460350036621094,-0.013924557715654373,-6.464832782745361,9.139494895935059,9.104511260986328,4.285391330718994,-1.2709245681762695,1.5094337463378906,-1.6929813623428345,4.3407416343688965
1160,7.200921058654785,-0.012319075874984264,-7.205753326416016,10.187065124511719,8.733558654785156,4.694324016571045,2.059988021850586,0.7758283615112305,-3.418860912322998,4.406303405761719
1165,7.050543785095215,-0.009197231382131577,-7.054516315460205,9.973788261413574,8.709298133850098,4.701263427734375,2.1089937686920166,0.7845535278320312,-3.5021111965179443,4.37976598739624
1170,7.109753608703613,-0.013478612527251244,-7.1147966384887695,10.0582857131958,8.729928016662598,4.6403632164001465,1.58310067653656,0.9644701480865479,-3.3728370666503906,4.341189384460449
1175,7.259350776672363,-0.009066030383110046,-7.263501167297363,10.269211769104004,8.676570892333984,4.633335113525391,1.7892401218414307,0.907338559627533,-3.503812551498413,4.289896488189697
1180,6.956418037414551,-0.013241162523627281,-6.960948944091797,9.841073989868164,8.731555938720703,4.585900783538818,1.262888789176941,1.0873662233352661,-3.334644079208374,4.281460762023926
1185,7.302597999572754,-0.006595267448574305,-7.305941581726074,10.32979965209961,8.70405101776123,4.622106552124023,1.64380943775177,0.9701150059700012,-3.5285606384277344,4.24691915512085
1190,6.79701042175293,-0.011330299079418182,-6.800718307495117,9.6150541305542,8.77862548828125,4.5362958908081055,1.1240568161010742,1.1405606269836426,-3.3330278396606445,4.246442794799805
1195,7.2964091300964355,-0.0058316937647759914,-7.299473285675049,10.320849418640137,8.73622989654541,4.555161952972412,1.4759831428527832,1.017171859741211,-3.5038540363311768,4.202884197235107
1200,6.987682819366455,-0.013443953357636929,-6.992093086242676,9.885204315185547,8.813170433044434,4.521369934082031,0.9702669978141785,1.202365517616272,-3.3077900409698486,4.228598117828369
1205,7.252932548522949,-0.008295159786939621,-7.256783962249756,10.259922981262207,8.838086128234863,4.528893947601318,1.173538327217102,1.1234850883483887,-3.414896011352539,4.212164402008057
1210,7.017740249633789,-0.011618571355938911,-7.0216569900512695,9.927360534667969,8.842613220214844,4.498109340667725,0.9915065169334412,1.1891272068023682,-3.330451488494873,4.207157135009766
1215,6.741450309753418,-0.012810180895030499,-6.746710777282715,9.537579536437988,8.909090042114258,4.358322620391846,-0.8302555084228516,1.6136674880981445,-2.4433517456054688,4.165401458740234
1220,7.171316146850586,-0.00819722842425108,-7.174140453338623,10.143773078918457,8.881691932678223,4.462684631347656,1.1575876474380493,1.119084358215332,-3.407780885696411,4.187132358551025
1225,7.035358428955078,-0.014583687297999859,-7.040824890136719,9.953376770019531,8.885957717895508,4.502878189086914,0.9282389283180237,1.2294912338256836,-3.3057572841644287,4.221818447113037
1230,7.130417823791504,-0.010081528685986996,-7.134676933288574,10.086950302124023,8.904696464538574,4.484154224395752,1.1525601148605347,1.1365034580230713,-3.4000673294067383,4.2049241065979
1235,7.039161205291748,-0.011223744601011276,-7.0433244705200195,9.957828521728516,8.913702964782715,4.480277061462402,1.0886244773864746,1.160536289215088,-3.3650429248809814,4.209865093231201
1240,6.90531063079834,-0.01127645093947649,-6.909998893737793,9.768905639648438,8.92271900177002,4.473666667938232,1.2226523160934448,1.122735619544983,-3.405848979949951,4.217400550842285
1245,7.125179290771484,-0.011047187261283398,-7.129495620727539,10.079584121704102,8.938249588012695,4.490626335144043,1.1125314235687256,1.1533302068710327,-3.3761138916015625,4.218178749084473
1255,0.0,0.0,0.0,0.0,72.29463958740234,-76.88433074951172,-5.997145652770996,4.079984188079834,-0.8894252181053162,-27.42514419555664
1260,0.0,0.0,0.0,0.0,62.42231750488281,-56.197540283203125,-4.234737873077393,1.5147165060043335,-0.03603725507855415,-17.588153839111328
1265,0.0,0.0,0.0,0.0,70.49361419677734,-43.42327880859375,-3.887277841567993,1.305334448814392,-0.3664553761482239,-9.118354797363281
1270,0.0,0.0,0.0,0.0,86.30213165283203,-39.63264846801758,-4.606721878051758,1.201056957244873,-0.40375828742980957,-3.222505569458008
1275,0.0,0.0,0.0,0.0,91.74602508544922,-37.098854064941406,-5.022915363311768,0.9554324746131897,-0.25369197130203247,0.9188586473464966
1280,0.0,0.0,0.0,0.0,89.40746307373047,-34.69584655761719,-5.329348087310791,0.741885244846344,0.03331094607710838,3.613105297088623
1285,0.0,0.0,0.0,0.0,81.00984191894531,-31.377405166625977,-5.559703350067139,0.6305367350578308,0.4232157766819,5.18734884262085
1290,0.0,0.0,0.0,0.0,53.69512176513672,-16.98659324645996,-4.685023307800293,0.7882816791534424,0.9545704126358032,6.045826435089111
1295,0.0,0.0,0.0,0.0,37.74566650390625,-8.408882141113281,-4.466100215911865,1.0272353887557983,1.3949559926986694,6.48561954498291
1300,0.0,0.0,0.0,0.0,26.76321029663086,-2.1572353839874268,-2.8969902992248535,0.8365572094917297,0.8906915187835693,6.744064807891846
1305,0.0,0.0,0.0,0.0,17.593984603881836,3.1537678241729736,-2.7840287685394287,1.0588359832763672,1.1160355806350708,6.783275604248047
1310,0.0,0.0,0.0,0.0,12.001323699951172,6.527667045593262,-2.3582682609558105,1.0917891263961792,1.0248554944992065,6.8035383224487305
1315,0.0,0.0,0.0,0.0,9.31425952911377,8.203059196472168,-1.9764394760131836,1.0522783994674683,0.8533124923706055,6.82930850982666
1320,0.0,0.0,0.0,0.0,8.397007942199707,8.809626579284668,-1.6724666357040405,0.9782841801643372,0.6667352914810181,6.8553032875061035
1325,0.0,0.0,0.0,0.0,8.395915031433105,8.838841438293457,-1.401328444480896,0.8836689591407776,0.4769999384880066,6.869590759277344
1330,0.0,0.0,0.0,0.0,8.798462867736816,8.614553451538086,-1.1368544101715088,0.7714409828186035,0.28381213545799255,6.856025218963623
1335,0.0,0.0,0.0,0.0,9.444625854492188,8.374019622802734,0.5323390364646912,0.13629062473773956,-0.5971528887748718,6.867397308349609
1340,0.0,0.0,0.0,0.0,10.059072494506836,8.002870559692383,0.5778152942657471,0.08455540984869003,-0.625594973564148,6.755307674407959
1345,0.0,0.0,0.0,0.0,10.44497299194336,7.73848819732666,-0.22401641309261322,0.3507566750049591,-0.21681083738803864,6.574888706207275
1350,0.0,0.0,0.0,0.0,10.68600845336914,7.664531230926514,-0.5685745477676392,0.45096608996391296,-0.038036394864320755,6.397540092468262
1355,0.0,0.0,0.0,0.0,10.782356262207031,7.783036708831787,-0.7908873558044434,0.49718934297561646,0.016011014580726624,6.21528434753418
1360,0.0,0.0,0.0,0.0,10.72959041595459,8.097454071044922,-1.375205397605896,0.6723711490631104,0.1427321434020996,6.020719528198242
1365,0.0,0.0,0.0,0.0,10.578333854675293,8.62094497680664,-1.8981562852859497,0.819372296333313,0.2227635681629181,5.811568260192871
1370,0.0,0.0,0.0,0.0,10.3351469039917,9.384262084960938,-2.1925864219665527,0.8908785581588745,0.2878747582435608,5.5530242919921875
1375,0.0,0.0,0.0,0.0,4.8927483558654785,11.2619047164917,-2.1735711097717285,0.864578902721405,0.33243221044540405,3.625140428543091
1385,0.0,0.0,0.0,0.0,10.593292236328125,2.9023516178131104,-1.3858726024627686,0.612225353717804,0.12902694940567017,5.695107936859131
1390,0.0,0.0,0.0,0.0,6.56817626953125,2.0187911987304688,1.1125609874725342,-0.683586061000824,-1.1325277090072632,3.4008941650390625
1395,7.363045692443848,0.013505498878657818,-7.362792491912842,10.412749290466309,10.339916229248047,0.0313296802341938,-0.14635030925273895,-0.02545493096113205,-0.36820003390312195,5.587140083312988
1400,6.4167585372924805,0.012127257883548737,-6.417585849761963,9.075260162353516,10.14718246459961,0.4650903344154358,-0.7501601576805115,0.3387274742126465,-0.10398871451616287,5.528660774230957
1405,7.110419273376465,0.013552278280258179,-7.1118035316467285,10.056639671325684,10.349344253540039,0.08621862530708313,-0.8608433604240417,0.4425013065338135,0.010419627651572227,5.572137355804443
1410,6.977034568786621,0.012339930981397629,-6.979390621185303,9.868690490722656,10.301010131835938,0.14598286151885986,-0.5815607309341431,0.31564024090766907,-0.03196318447589874,5.549660682678223
1415,7.134181022644043,0.012899963185191154,-7.136993408203125,10.091252326965332,10.33655834197998,0.07115677744150162,-0.46436476707458496,0.2732226252555847,-0.021993158385157585,5.558396816253662
1420,7.235459327697754,0.0131598599255085,-7.2385053634643555,10.234647750854492,10.38891315460205,0.02417467162013054,-0.3297279477119446,0.2143222987651825,-0.024485208094120026,5.578793525695801
1425,7.010997772216797,0.012192634865641594,-7.01410436630249,9.917252540588379,10.323994636535645,0.11522551625967026,-0.23661287128925323,0.17637896537780762,-0.019055193290114403,5.548736095428467
1430,7.203832626342773,0.01317574642598629,-7.206907749176025,10.189940452575684,10.374789237976074,0.023855432868003845,-0.18808503448963165,0.1535966545343399,-0.00749585498124361,5.566311359405518
1435,7.048002243041992,0.012349853292107582,-7.0510430335998535,9.969538688659668,10.368782997131348,0.10322122275829315,-0.20087718963623047,0.1681356579065323,0.026939723640680313,5.573221206665039
1440,6.979574203491211,0.013324374333024025,-6.982158660888672,9.872445106506348,10.328953742980957,0.1282983124256134,-0.21025995910167694,0.17378665506839752,0.04675492271780968,5.554444789886475
1445,6.9890546798706055,0.012059827335178852,-6.992104530334473,9.88617992401123,10.3225736618042,0.12215209007263184,0.009795702062547207,0.04021766781806946,-0.04247363656759262,5.545708656311035
1450,7.0629119873046875,0.012937616556882858,-7.065743446350098,9.990476608276367,10.338054656982422,0.0885060578584671,-0.1334085315465927,0.12125691771507263,0.023903891444206238,5.554134368896484
1455,6.873483180999756,0.012613971717655659,-6.876082897186279,9.722419738769531,10.328282356262207,0.19094175100326538,-0.12594622373580933,0.11404062062501907,0.02586892619729042,5.563830852508545
1460,7.057339668273926,0.012340448796749115,-7.060237884521484,9.98264217376709,10.340483665466309,0.08937887102365494,-0.1378433108329773,0.11424458026885986,0.026489565148949623,5.554767608642578
1465,7.14254093170166,0.01309908926486969,-7.145357608795166,10.103078842163086,10.361655235290527,0.05109728127717972,-0.16610516607761383,0.1254275143146515,0.03384900838136673,5.562694549560547
1470,7.095245361328125,0.012979181483387947,-7.098044395446777,10.036179542541504,10.362822532653809,0.083888940513134,-0.1725361943244934,0.1250133216381073,0.03295367211103439,5.570971488952637
1475,7.063875675201416,0.012392024509608746,-7.066821098327637,9.99191951751709,10.347184181213379,0.0949157327413559,-0.20041584968566895,0.1368764489889145,0.03841331973671913,5.563267707824707
1480,7.435370445251465,0.013663360849022865,-7.438275337219238,10.517264366149902,10.42518138885498,-0.0870017483830452,-0.197870135307312,0.12907785177230835,0.026829838752746582,5.579918384552002
1485,7.156957626342773,0.013010872527956963,-7.159831523895264,10.123507499694824,10.372377395629883,0.05620960891246796,-0.29175621271133423,0.18307694792747498,0.0640823170542717,5.575425148010254
1490,6.990729808807373,0.012798378244042397,-6.9933881759643555,9.888273239135742,10.352191925048828,0.1418931484222412,-0.25792261958122253,0.16061176359653473,0.045553967356681824,5.574921131134033
1495,7.212339878082275,0.01264775637537241,-7.2154130935668945,10.201970100402832,10.361944198608398,0.016516052186489105,-0.2585836946964264,0.15775778889656067,0.03905805945396423,5.560498237609863
1505,0.0,0.0,0.0,0.0,35.01402282714844,-9.739035606384277,89.01168060302734,-2.2183845043182373,-29.75132179260254,-0.47317081689834595
1510,0.0,0.0,0.0,0.0,26.145862579345703,-5.915550708770752,38.651180267333984,-0.6334523558616638,-13.0922269821167,0.9643287062644958
1515,0.0,0.0,0.0,0.0,21.1860408782959,-1.7508678436279297,18.93355941772461,0.9140802621841431,-7.462629795074463,2.6117215156555176
1520,0.0,0.0,0.0,0.0,18.059988021850586,0.689677894115448,14.005080223083496,0.6208241581916809,-5.508984565734863,3.2603847980499268
1525,0.0,0.0,0.0,0.0,14.419417381286621,2.820375919342041,8.690016746520996,0.22086480259895325,-3.3855247497558594,3.5726237297058105
1530,0.0,0.0,0.0,0.0,11.650003433227539,4.107389450073242,4.566827297210693,-0.01127379946410656,-1.7024617195129395,3.664933204650879
1535,0.0,0.0,0.0,0.0,9.786909103393555,4.9072675704956055,1.5203301906585693,-0.10394833981990814,-0.47863641381263733,3.6935558319091797
1540,0.0,0.0,0.0,0.0,8.549552917480469,5.404837608337402,-0.6131361722946167,-0.14238710701465607,0.3764687776565552,3.694735527038574
1545,0.0,0.0,0.0,0.0,7.759222030639648,5.693631172180176,-2.0707080364227295,-0.15431803464889526,0.9709597229957581,3.6805403232574463
1550,0.0,0.0,0.0,0.0,7.613818645477295,5.73551607131958,-2.008009672164917,-0.16150346398353577,0.9302893280982971,3.6836657524108887
1555,0.0,0.0,0.0,0.0,7.227627277374268,5.839442729949951,-2.7957069873809814,-0.16746272146701813,1.2750967741012573,3.645890712738037
1560,0.0,0.0,0.0,0.0,7.12740421295166,5.842136383056641,-2.9359636306762695,-0.180998295545578,1.3603127002716064,3.619401454925537
1565,0.0,0.0,0.0,0.0,7.166742324829102,5.779908657073975,-2.7789900302886963,-0.19356326758861542,1.3276581764221191,3.588082790374756
1570,0.0,0.0,0.0,0.0,7.271503448486328,5.707451820373535,-2.4357268810272217,-0.21489500999450684,1.2186851501464844,3.5634829998016357
1575,0.0,0.0,0.0,0.0,7.415410995483398,5.630364894866943,-1.9760301113128662,-0.24173998832702637,1.068281650543213,3.537792921066284
1580,0.0,0.0,0.0,0.0,7.581551551818848,5.571002006530762,-1.4488548040390015,-0.27668195962905884,0.8961230516433716,3.5089917182922363
1585,0.0,0.0,0.0,0.0,7.851010799407959,5.523391246795654,-0.5670779943466187,-0.3257889449596405,0.5741629004478455,3.4722015857696533
1590,0.0,0.0,0.0,0.0,8.21636962890625,5.519157409667969,0.6666646599769592,-0.3954963684082031,0.08038748055696487,3.4463493824005127
1595,0.0,0.0,0.0,0.0,8.048385620117188,5.709415912628174,-0.38932833075523376,-0.30336087942123413,0.4960870146751404,3.364063262939453
1600,0.0,0.0,0.0,0.0,8.077566146850586,5.810092449188232,-1.271262526512146,-0.12841224670410156,0.7358192205429077,3.279409885406494
1605,0.0,0.0,0.0,0.0,8.240755081176758,5.9018425941467285,-2.0450961589813232,0.12189927697181702,0.815314531326294,3.2220964431762695
1610,0.0,0.0,0.0,0.0,8.413433074951172,6.2116546630859375,-2.8387768268585205,0.38698074221611023,0.8513897061347961,3.2467470169067383
1615,0.0,0.0,0.0,0.0,8.542906761169434,7.088217735290527,-2.3480875492095947,0.30412399768829346,0.6332600712776184,3.449516534805298
1620,0.0,0.0,0.0,0.0,8.50767707824707,8.608479499816895,-0.05395028740167618,-0.37662166357040405,0.27720344066619873,3.8157153129577637
1625,0.0,0.0,0.0,0.0,8.41805362701416,10.101709365844727,2.657573699951172,-1.2335267066955566,0.02125328592956066,4.179335594177246
1635,0.0,0.0,0.0,0.0,9.5655517578125,4.064423561096191,-4.553103923797607,0.2521325945854187,2.9676353931427,3.8997750282287598
1640,5.135965824127197,-0.05132772773504257,-5.157824516296387,7.279006481170654,8.232190132141113,5.221397399902344,0.897089958190918,-0.9823821783065796,0.8092339634895325,4.060000896453857
1645,6.873616695404053,-0.01609807088971138,-6.885846138000488,9.729426383972168,8.0748929977417,5.552575588226318,1.4961761236190796,-1.1612672805786133,0.6356689929962158,4.037156581878662
1650,7.21475887298584,-0.054096221923828125,-7.24733829498291,10.22641658782959,8.05936336517334,5.789827823638916,1.50294029712677,-1.1812900304794312,0.5784711837768555,4.0986833572387695
1655,6.968122482299805,0.0067979758605360985,-6.980673313140869,9.86329460144043,8.13759708404541,5.569942474365234,1.7274236679077148,-1.259488821029663,0.5927501916885376,4.093441486358643
1660,7.116950988769531,0.0022964412346482277,-7.12581729888916,10.071160316467285,8.086028099060059,5.623863697052002,1.098423719406128,-1.0909827947616577,0.7872399687767029,4.066307544708252
1665,6.865969657897949,-0.0031496535521000624,-6.870336055755615,9.71303653717041,8.115694046020508,5.66862154006958,1.0708011388778687,-1.077510952949524,0.7448592782020569,4.108962059020996
1670,6.952919006347656,-0.00239698588848114,-6.960340976715088,9.838162422180176,8.164527893066406,5.659510135650635,1.4529868364334106,-1.173998236656189,0.6159018278121948,4.145082473754883
1675,7.0546674728393555,-0.0024250990245491266,-7.06239652633667,9.982274055480957,8.198556900024414,5.686196804046631,1.398969054222107,-1.1516896486282349,0.6337494254112244,4.1599626541137695
1680,6.964870929718018,-0.002841770648956299,-6.971691131591797,9.854639053344727,8.206781387329102,5.661946773529053,1.2811750173568726,-1.120086431503296,0.6688478589057922,4.163323402404785
1685,7.0925140380859375,-0.002551714424043894,-7.100017547607422,10.035636901855469,8.202413558959961,5.6910719871521,1.405568242073059,-1.1412595510482788,0.6082994341850281,4.1680145263671875
1690,7.043013572692871,-0.0027071135118603706,-7.050169467926025,9.965387344360352,8.202102661132812,5.678607940673828,1.4066258668899536,-1.1331367492675781,0.5954914689064026,4.169407367706299
1695,7.1171555519104,-0.0025705858133733273,-7.124643325805664,10.070474624633789,8.202726364135742,5.691926956176758,1.4386003017425537,-1.1373835802078247,0.5783534646034241,4.173230171203613
1700,7.068865776062012,-0.0026674987748265266,-7.076117992401123,10.002016067504883,8.208724021911621,5.6849493980407715,1.3862969875335693,-1.1191731691360474,0.5893800854682922,4.175845623016357
1705,7.014433860778809,-0.0025480128824710846,-7.02202033996582,9.925273895263672,8.217940330505371,5.687718391418457,1.376856803894043,-1.1138619184494019,0.5889289975166321,4.1805596351623535
1710,7.04090690612793,-0.00246805720962584,-7.0484843254089355,9.962705612182617,8.2152099609375,5.685572624206543,1.4056600332260132,-1.1175670623779297,0.5746467709541321,4.181101322174072
1715,7.102860450744629,-0.002814719220623374,-7.109933376312256,10.049964904785156,8.220871925354004,5.6941962242126465,1.312110185623169,-1.0917773246765137,0.6026232242584229,4.183871269226074
1720,7.037634372711182,-0.002571187447756529,-7.045085906982422,9.957988739013672,8.212018966674805,5.6825852394104,1.3391505479812622,-1.0955067873001099,0.5895785093307495,4.180143356323242
1725,7.100801944732666,-0.0026506271678954363,-7.108184337615967,10.047271728515625,8.21930980682373,5.69460391998291,1.3541723489761353,-1.0979176759719849,0.5822762846946716,4.186461925506592
1730,7.045889854431152,-0.0026949841994792223,-7.05308198928833,9.969480514526367,8.215319633483887,5.680342674255371,1.3477009534835815,-1.0927557945251465,0.5800945162773132,4.183446407318115
1735,7.077976703643799,-0.0026556679513305426,-7.085253715515137,10.014918327331543,8.212981224060059,5.6882147789001465,1.3370927572250366,-1.0897328853607178,0.5830482840538025,4.1843647956848145
1740,6.919719219207764,-0.0025515088345855474,-6.927127838134766,9.7912015914917,8.220226287841797,5.658609867095947,1.2748463153839111,-1.071728229522705,0.6038668155670166,4.180746555328369
1745,7.042062282562256,-0.0025870681274682283,-7.049330711364746,9.96412181854248,8.21727180480957,5.6873602867126465,1.3590747117996216,-1.093279242515564,0.5735940337181091,4.187224388122559
1755,0.0,0.0,0.0,0.0,60.527366638183594,-23.27865219116211,-130.48902893066406,-0.33373692631721497,48.62364959716797,-2.220127582550049
1760,0.0,0.0,0.0,0.0,31.82225227355957,-10.890935897827148,-60.084930419921875,1.9494361877441406,20.68427848815918,0.7466975450515747
1765,0.0,0.0,0.0,0.0,24.8571720123291,-4.296988487243652,-35.42299270629883,0.7970786094665527,13.190406799316406,2.533736228942871
1770,0.0,0.0,0.0,0.0,22.207014083862305,-1.2516762018203735,-27.6690616607666,0.9898045063018799,10.191488265991211,3.493211269378662
1775,0.0,0.0,0.0,0.0,19.0417423248291,0.9859688878059387,-19.890623092651367,1.1671464443206787,7.122824668884277,3.894707679748535
1780,0.0,0.0,0.0,0.0,16.74227523803711,2.610090732574463,-12.955856323242188,1.0410106182098389,4.47677755355835,4.170445442199707
1785,0.0,0.0,0.0,0.0,14.438429832458496,3.8238279819488525,-8.081475257873535,0.9692783355712891,2.5956637859344482,4.299641132354736
1790,0.0,0.0,0.0,0.0,12.818266868591309,4.647795677185059,-5.114506721496582,0.9026284217834473,1.4739785194396973,4.371379852294922
1795,0.0,0.0,0.0,0.0,10.933329582214355,5.5182318687438965,-1.3568476438522339,0.7529069781303406,0.034385018050670624,4.413327693939209
1800,0.0,0.0,0.0,0.0,10.430336952209473,5.761302471160889,-0.7375136613845825,0.7072595953941345,-0.1935524195432663,4.41745662689209
1805,0.0,0.0,0.0,0.0,9.825979232788086,6.024641036987305,0.002351283561438322,0.699057400226593,-0.5050451755523682,4.423284530639648
1810,0.0,0.0,0.0,0.0,9.426347732543945,6.166600227355957,0.4242413640022278,0.7022753953933716,-0.7178778052330017,4.40780782699585
1815,0.0,0.0,0.0,0.0,9.184304237365723,6.22306489944458,0.5892759561538696,0.717703640460968,-0.8436421155929565,4.381210803985596
1820,0.0,0.0,0.0,0.0,9.03233528137207,6.235745429992676,0.633485734462738,0.7345227599143982,-0.9263782501220703,4.3471832275390625
1825,0.0,0.0,0.0,0.0,8.932069778442383,6.234097957611084,0.6439445614814758,0.7423772215843201,-0.9912434816360474,4.307831764221191
1830,0.0,0.0,0.0,0.0,8.853594779968262,6.249843120574951,0.7072871327400208,0.7275073528289795,-1.0596544742584229,4.266375541687012
1835,0.0,0.0,0.0,0.0,8.816876411437988,6.293267250061035,0.8766123056411743,0.6684478521347046,-1.1320124864578247,4.222003936767578
1840,0.0,0.0,0.0,0.0,8.140164375305176,6.740464687347412,3.343526840209961,0.2660179138183594,-2.036447048187256,4.174103260040283
1845,0.0,0.0,0.0,0.0,8.5928955078125,6.609311103820801,3.26261305809021,0.06356029212474823,-1.7865020036697388,4.116584777832031
1850,0.0,0.0,0.0,0.0,8.990388870239258,6.671581268310547,2.8299741744995117,-0.018941795453429222,-1.37333083152771,4.111995697021484
1855,0.0,0.0,0.0,0.0,9.033795356750488,7.163480281829834,2.4246630668640137,0.0470731183886528,-1.180934190750122,4.145998954772949
1860,0.0,0.0,0.0,0.0,8.833880424499512,8.044075965881348,0.9788782596588135,0.5252503752708435,-1.0487196445465088,4.236649036407471
1865,0.0,0.0,0.0,0.0,8.634893417358398,8.991155624389648,-1.0980474948883057,1.1953365802764893,-0.920129120349884,4.378820896148682
1870,0.0,0.0,0.0,0.0,8.618132591247559,9.767694473266602,-2.361189126968384,1.5606862306594849,-0.8978310227394104,4.55751371383667
1875,0.0,0.0,0.0,0.0,-24.840978622436523,-17.652002334594727,-100.83415222167969,26.168325424194336,48.25733184814453,-14.932348251342773
1880,8.212546348571777,0.06868826597929001,-8.206868171691895,11.610483169555664,7.76645565032959,5.545970916748047,11.627676010131836,-1.7863677740097046,-7.408481597900391,4.674197196960449
1885,5.971188068389893,-0.024466458708047867,-5.972976207733154,8.44583511352539,11.176185607910156,2.994502067565918,-8.122021675109863,2.9961369037628174,1.81476891040802,4.427491188049316
1890,8.618690490722656,-0.02116001583635807,-8.624948501586914,12.193113327026367,8.599203109741211,5.029514789581299,4.6542534828186035,0.0857921838760376,-4.334952354431152,4.596345901489258
1895,8.98246955871582,-0.02312890812754631,-8.99108600616455,12.709245681762695,8.803051948547363,4.952719688415527,3.3833024501800537,0.4443947374820709,-3.9208409786224365,4.591179370880127
1900,5.033175468444824,-0.012026997283101082,-5.037631034851074,7.121146202087402,10.28449535369873,3.088585376739502,-11.106355667114258,3.7123687267303467,3.2170472145080566,4.103102684020996
1905,6.460350036621094,-0.013924557715654373,-6.464832782745361,9.139494895935059,9.104511260986328,4.285391330718994,-1.2709245681762695,1.5094337463378906,-1.6929813623428345,4.3407416343688965
1910,7.200921058654785,-0.012319075874984264,-7.205753326416016,10.187065124511719,8.733558654785156,4.694324016571045,2.059988021850586,0.7758283615112305,-3.418860912322998,4.406303405761719
1915,7.050543785095215,-0.009197231382131577,-7.054516315460205,9.973788261413574,8.709298133850098,4.701263427734375,2.1089937686920166,0.7845535278320312,-3.5021111965179443,4.37976598739624
1920,7.109753608703613,-0.013478612527251244,-7.1147966384887695,10.0582857131958,8.729928016662598,4.6403632164001465,1.58310067653656,0.9644701480865479,-3.3728370666503906,4.341189384460449
1925,7.259350776672363,-0.009066030383110046,-7.263501167297363,10.269211769104004,8.676570892333984,4.633335113525391,1.7892401218414307,0.907338559627533,-3.503812551498413,4.289896488189697
1930,6.956418037414551,-0.013241162523627281,-6.960948944091797,9.841073989868164,8.731555938720703,4.585900783538818,1.262888789176941,1.0873662233352661,-3.334644079208374,4.281460762023926
1935,7.302597999572754,-0.006595267448574305,-7.305941581726074,10.32979965209961,8.70405101776123,4.622106552124023,1.64380943775177,0.9701150059700012,-3.5285606384277344,4.24691915512085
1940,6.79701042175293,-0.011330299079418182,-6.800718307495117,9.6150541305542,8.77862548828125,4.5362958908081055,1.1240568161010742,1.1405606269836426,-3.3330278396606445,4.246442794799805
