Wall time,Step,Value
1763649060.083198,589824,82.25021362304688
1763649147.1144712,2654208,206.01084899902344
1763649198.5496948,3833856,192.1999053955078
1763649204.9930894,3981312,201.7330780029297
1763649290.8142872,5898240,199.9495086669922
1763649337.1021156,6930432,207.94064331054688
1763649343.7190845,7077888,208.81056213378906
1763649438.5641782,9142272,198.0377960205078
1763649445.2728946,9289728,209.6238250732422
1763649472.2280326,9879552,204.87799072265625
1763649499.271454,10469376,218.97506713867188
1763649540.0564013,11354112,221.74627685546875
1763649575.0001657,12091392,212.67225646972656
1763649623.9211752,13123584,212.57757568359375
1763649694.2682698,14598144,239.30714416503906
1763649722.4893641,15187968,219.0538787841797
1763649750.0990996,15777792,215.99302673339844
1763649845.955083,17842176,206.25608825683594
1763649872.7673762,18432000,216.03228759765625
1763649879.5082529,18579456,221.99452209472656
1763649892.806044,18874368,220.18722534179688
1763649906.0746179,19169280,218.2914581298828
1763650017.8676112,21233664,224.45574951171875
1763650036.6181204,21676032,222.33792114257812
1763650099.1286786,23150592,222.01695251464844
1763650117.9768422,23592960,218.0950927734375
1763650130.4120085,23887872,220.56434631347656
1763650142.936593,24182784,219.7909698486328
1763650192.4919899,25362432,221.20362854003906
1763650222.6094668,26099712,225.04457092285156
1763650313.5398018,28164096,217.54095458984375
1763650392.944149,29933568,222.45364379882812
1763650409.985458,30228480,224.96495056152344
1763650475.0032086,31408128,220.72198486328125
1763650567.534039,33767424,220.62918090820312
1763650654.2411864,35979264,221.86471557617188
1763650659.9569094,36126720,225.18109130859375
1763650735.065038,38043648,225.2609100341797
1763650740.8957078,38191104,220.85255432128906
1763650810.6413753,39960576,225.2150115966797
1763650828.0921865,40402944,219.2611846923828
1763650873.825235,41582592,224.17401123046875
1763650891.156358,42024960,226.9193572998047
1763650919.9763126,42762240,223.98838806152344
1763650948.7673306,43499520,224.41329956054688
1763651022.9112191,45416448,232.42718505859375
1763651068.4378119,46596096,234.19435119628906
1763651079.774,46891008,229.61923217773438
1763651085.440296,47038464,229.0322265625
1763651102.8164797,47480832,227.112060546875
1763651234.0612905,50872320,222.9463653564453
1763651239.7060475,51019776,233.02378845214844
1763651308.3509614,52789248,221.7566375732422
1763651342.285935,53673984,232.918212890625
1763651347.9180686,53821440,231.55001831054688
1763651353.5791745,53968896,230.4168701171875
1763651422.0018115,55738368,223.09217834472656
1763651480.8925157,56918016,220.09970092773438
1763651511.3812978,57507840,228.12855529785156
1763651527.0197947,57802752,227.335693359375
1763651592.2306695,59277312,229.4901885986328
1763651608.0875533,59572224,226.05978393554688
1763651686.2964904,61194240,229.47303771972656
1763651726.0004838,62226432,228.84719848632812
1763651805.4569957,64290816,225.61915588378906
1763651811.183459,64438272,230.3089599609375
1763651822.7090864,64733184,230.56214904785156
1763651862.7252302,65765376,230.4509735107422
1763651948.4365907,67977216,232.34535217285156
1763651971.2020838,68567040,228.00469970703125
1763651999.4804535,69304320,226.37696838378906
1763652021.9129713,69894144,227.36761474609375
1763652027.5475745,70041600,230.963623046875
1763652055.3669927,70778880,225.85208129882812
1763652061.0104887,70926336,229.19454956054688
1763652094.8716679,71811072,228.13619995117188
1763652223.827976,75202560,231.02589416503906
1763652234.9875433,75497472,217.6224822998047
1763652240.5784616,75644928,227.0238800048828
1763652246.2286901,75792384,223.7156219482422
1763652263.364254,76234752,227.55995178222656
1763652274.5553987,76529664,227.23291015625
1763652353.0080998,78594048,225.5526580810547
1763652358.6726735,78741504,225.8560333251953
1763652369.9222887,79036416,228.88499450683594
1763652381.207699,79331328,229.41664123535156
1763652392.4244328,79626240,228.56866455078125
1763652414.5662649,80216064,228.27163696289062
1763652425.6861591,80510976,228.46554565429688
1763652459.1542072,81395712,230.00181579589844
1763652481.8511915,81985536,230.8362274169922
1763652515.8431087,82870272,233.0682373046875
1763652527.2148697,83165184,228.84877014160156
1763652549.6148243,83755008,230.45486450195312
1763652639.4891138,86114304,225.8015899658203
1763652673.11371,86999040,225.2353057861328
1763652695.384567,87588864,220.60693359375
1763652706.6725783,87883776,222.48690795898438
1763652807.4086497,90537984,225.6560516357422
1763652857.6939337,91865088,227.1743927001953
1763652885.6593409,92602368,227.64601135253906
1763652891.2273273,92749824,231.59567260742188
1763652936.2262597,93929472,228.17054748535156
1763652969.908756,94814208,228.41197204589844
1763652975.5293117,94961664,228.48500061035156
1763653054.4727306,97026048,225.386474609375
1763653104.8682742,98353152,224.7538604736328
1763653149.5702946,99532800,229.94485473632812
1763653155.2037024,99680256,228.20950317382812
1763653244.8411446,102039552,231.4951171875
1763653256.0988152,102334464,224.02655029296875
1763653406.8463168,106315776,233.91978454589844
1763653418.1070428,106610688,229.7925567626953
1763653429.315004,106905600,230.84738159179688
1763653446.116429,107347968,225.2899932861328
1763653463.192274,107790336,230.4196014404297
1763653536.0092294,109707264,232.45372009277344
1763653648.103298,112656384,230.75894165039062
1763653709.1534817,114278400,231.30123901367188
1763653714.7728581,114425856,227.06300354003906
1763653748.33227,115310592,230.19161987304688
1763653781.753877,116195328,227.09033203125
1763653870.6318629,118554624,229.5106201171875
1763653876.2302577,118702080,231.58270263671875
1763653887.3637962,118996992,229.69667053222656
1763653954.4038825,120766464,228.94345092773438
1763654027.9161317,122683392,226.80816650390625
1763654072.8193328,123863040,223.1778106689453
1763654089.4560316,124305408,228.1947784423828
1763654167.7240307,126369792,223.44195556640625
1763654195.4568717,127107072,231.10081481933594
1763654217.324827,127696896,224.86325073242188
1763654245.0519419,128434176,230.447998046875
1763654328.8741775,130646016,223.4093475341797
1763654390.2215524,132268032,224.94761657714844
1763654412.7477832,132857856,226.50634765625
1763654573.8162801,137134080,224.61550903320312
1763654584.8236034,137428992,226.12307739257812
1763654640.6871305,138903552,227.3072052001953
1763654679.2701864,139935744,235.4358673095703
1763654757.2494633,142000128,230.5960235595703
1763654957.9770153,147308544,227.06263732910156
1763654974.789695,147750912,229.64833068847656
1763654986.0163515,148045824,230.37660217285156
1763655048.4073584,149667840,226.8104248046875
1763655087.5369763,150700032,231.8494110107422
1763655109.566787,151289856,231.52099609375
1763655120.5868027,151584768,225.81298828125
1763655170.6625786,152911872,230.6924591064453
1763655276.6040144,155713536,228.30429077148438
1763655354.8590517,157777920,230.19110107421875
1763655360.274298,157925376,228.08843994140625
1763655371.3017564,158220288,227.3762969970703
1763655393.415988,158810112,228.9643096923828
1763655443.738803,160137216,230.89512634277344
1763655510.5269885,161906688,228.87460327148438
1763655532.7184482,162496512,230.0227508544922
1763655543.640374,162791424,222.453857421875
1763655560.4078403,163233792,223.2267303466797
1763655571.570248,163528704,222.4848175048828
1763655582.877729,163823616,226.9671630859375
1763655638.9128926,165298176,224.4935760498047
1763655660.8002732,165888000,228.4021453857422
1763655699.8458023,166920192,224.11231994628906
1763655711.062972,167215104,233.04039001464844
1763655738.8810277,167952384,231.33102416992188
1763655777.8282607,168984576,227.38827514648438
1763655805.7312417,169721856,230.53236389160156
1763655811.3400466,169869312,226.58981323242188
1763655878.288752,171638784,229.2880859375
1763655933.5109591,173113344,224.35890197753906
1763655944.453012,173408256,226.3409881591797
1763655949.9958923,173555712,231.02117919921875
1763655989.1692889,174587904,222.32798767089844
1763656038.7780924,175915008,228.21206665039062
1763656044.183557,176062464,231.4496612548828
1763656110.7738283,177831936,224.45252990722656
1763656154.7899516,179011584,224.81295776367188
1763656176.832956,179601408,231.5985565185547
1763656215.9679735,180633600,225.4995880126953
1763656321.4711986,183435264,229.5670623779297
1763656332.9128668,183730176,223.56301879882812
1763656361.0388122,184467456,224.14341735839844
1763656366.6660898,184614912,229.5808563232422
1763656377.8920076,184909824,229.45587158203125
1763656394.5936868,185352192,229.88449096679688
1763656416.8186395,185942016,227.04763793945312
1763656450.293312,186826752,224.54188537597656
1763656472.5014694,187416576,230.89405822753906
1763656500.5442638,188153856,220.84500122070312
1763656534.2902935,189038592,229.2854461669922
1763656578.7103786,190218240,225.78428649902344
1763656623.3184667,191397888,225.4654998779297
1763656667.8275673,192577536,230.91973876953125
1763656718.0475647,193904640,232.9934539794922
1763656756.9649756,194936832,229.65675354003906
1763656773.6269422,195379200,233.0776824951172
1763656779.20249,195526656,231.86105346679688
1763656829.4312413,196853760,230.4257354736328
1763656885.0638862,198328320,226.09974670410156
1763656968.6814015,200540160,228.26206970214844
1763656990.8626864,201129984,228.77520751953125
1763657051.8472455,202752000,224.55535888671875
1763657057.414671,202899456,229.70211791992188
1763657079.6291182,203489280,226.40306091308594
1763657286.29865,208945152,229.5000762939453
1763657404.7342136,212041728,230.03561401367188
1763657410.3257518,212189184,221.2617950439453
1763657510.7270284,214843392,231.40264892578125
1763657516.2721028,214990848,222.376708984375
1763657533.089938,215433216,224.55845642089844
1763657605.4416409,217350144,227.67298889160156
1763657617.006399,217645056,227.1215057373047
1763657679.534168,219267072,226.15737915039062
1763657696.3946972,219709440,227.39218139648438
1763657718.571069,220299264,228.18870544433594
1763657763.1803052,221478912,233.29745483398438
1763657802.764581,222511104,230.25531005859375
1763657808.5457566,222658560,228.55685424804688
1763657825.439853,223100928,230.37794494628906
1763657842.35812,223543296,223.3070526123047
1763657909.7870178,225312768,229.26864624023438
1763657943.1932142,226197504,227.8877716064453
1763657965.6362355,226787328,228.7224578857422
1763658022.4519014,228261888,226.24241638183594
1763658039.585666,228704256,230.63296508789062
1763658118.986788,230768640,230.5599822998047
1763658136.153057,231211008,224.75555419921875
1763658164.2334552,231948288,233.86708068847656
1763658180.8279953,232390656,226.1682891845703
1763658231.4561152,233717760,230.36268615722656
1763658293.563172,235339776,230.08065795898438
1763658321.6754727,236077056,228.180908203125
1763658332.9033265,236371968,231.52772521972656
1763658468.467079,239910912,230.23175048828125
1763658513.3498282,241090560,226.71400451660156
1763658524.7879763,241385472,228.64230346679688
1763658581.2040546,242860032,233.7078857421875
1763658620.975109,243892224,222.76710510253906
1763658666.2230396,245071872,227.25738525390625
1763658711.9073534,246251520,228.06788635253906
1763658751.8020637,247283712,227.01104736328125
1763658763.0209713,247578624,229.65040588378906
1763658797.1685975,248463360,230.33053588867188
1763658848.2507353,249790464,227.73976135253906
1763658893.1521962,250970112,230.16319274902344
1763658904.4581747,251265024,231.83274841308594
1763658921.3415499,251707392,227.188232421875
1763658938.28484,252149760,226.97222900390625
1763658943.876837,252297216,228.41123962402344
1763658983.252616,253329408,230.4645233154297
1763659011.353778,254066688,230.4701690673828
1763659051.041715,255098880,225.75445556640625
1763659101.6401625,256425984,229.2804412841797
1763659135.1420302,257310720,231.36422729492188
1763659185.5639582,258637824,227.05126953125
1763659247.7070968,260259840,227.47442626953125
1763659304.030198,261734400,228.0877227783203
1763659315.423592,262029312,230.22303771972656
1763659355.256255,263061504,229.9505157470703
1763659383.5102956,263798784,227.68263244628906
1763659400.4630725,264241152,229.19674682617188
1763659446.1878316,265420800,227.63819885253906
1763659553.940417,268222464,228.35894775390625
1763659712.5676436,272351232,230.88304138183594
1763659735.4132144,272941056,228.98968505859375
1763659785.9992988,274268160,232.45748901367188
1763659814.2049396,275005440,227.5247039794922
1763659825.8097644,275300352,225.71685791015625
1763659944.9742987,278396928,225.2425994873047
1763660007.2619195,280018944,227.27525329589844
1763660024.1222103,280461312,224.28082275390625
1763660058.4338439,281346048,223.4703826904297
1763660064.1875155,281493504,222.26242065429688
1763660149.6929667,283705344,223.45169067382812
1763660155.4889333,283852800,225.77639770507812
1763660218.0465782,285474816,220.89862060546875
1763660240.8772545,286064640,232.4130096435547
1763660269.7842681,286801920,231.07293701171875
1763660281.2266712,287096832,229.83309936523438
1763660332.5766938,288423936,229.75767517089844
1763660355.5138834,289013760,223.08384704589844
1763660361.3399367,289161216,227.42295837402344
1763660372.6907475,289456128,228.44354248046875
1763660378.3970892,289603584,232.08656311035156
1763660389.8069983,289898496,227.424072265625
1763660452.6228154,291520512,232.61045837402344
1763660463.8493476,291815424,226.5702667236328
1763660509.1973927,292995072,227.21536254882812
1763660514.7884853,293142528,224.07460021972656
1763660531.7221956,293584896,229.16859436035156
1763660730.5497217,298745856,232.7696990966797
1763660981.8817043,305233920,228.1488037109375
1763661032.8002567,306561024,224.49424743652344
1763661089.9398584,308035584,224.87261962890625
1763661153.9016745,309657600,223.4109344482422
1763661170.948083,310099968,225.44297790527344
1763661205.963299,310984704,229.8361053466797
1763661234.5895035,311721984,229.25303649902344
1763661240.3024986,311869440,230.7832794189453
1763661263.7065558,312459264,228.70730590820312
1763661269.4394965,312606720,229.40980529785156
1763661309.8660526,313638912,227.3710174560547
1763661378.5525258,315408384,232.71157836914062
1763661492.825189,318357504,224.8519287109375
1763661550.408297,319832064,229.93795776367188
1763661654.4629502,322486272,231.46253967285156
1763661694.7575748,323518464,229.64480590820312
1763661780.4029384,325730304,227.40354919433594
1763661814.5896792,326615040,227.13079833984375
1763661872.0068717,328089600,228.41380310058594
1763661934.594483,329711616,231.49270629882812
1763661951.7813327,330153984,229.1820068359375
1763661980.101672,330891264,229.77330017089844
1763662053.9274886,332808192,229.15679931640625
1763662191.177686,336347136,226.38088989257812
1763662329.369029,339886080,228.80612182617188
1763662392.6615946,341508096,226.9314727783203
1763662410.366836,341950464,223.06756591796875
1763662439.387145,342687744,226.8853302001953
1763662485.0615609,343867392,223.0703125
1763662542.2459996,345341952,227.44869995117188
1763662598.9857073,346816512,227.65185546875
1763662639.5890663,347848704,227.2578887939453
1763662810.3202448,352272384,227.72344970703125
1763662833.062273,352862208,230.377197265625
1763662838.69173,353009664,227.79510498046875
1763662861.687171,353599488,228.0592498779297
1763663050.264304,358465536,227.85069274902344
1763663078.4928646,359202816,227.21519470214844
1763663107.0026808,359940096,227.23516845703125
1763663181.0437682,361857024,227.7298126220703
1763663226.719538,363036672,227.94064331054688
1763663244.1148555,363479040,229.00262451171875
1763663358.861771,366428160,226.9799041748047
1763663404.6799552,367607808,222.45347595214844
1763663433.4652689,368345088,230.02017211914062
1763663444.8175528,368640000,227.9749298095703
1763663461.8864532,369082368,221.78726196289062
1763663473.2768843,369377280,227.19984436035156
1763663478.9759412,369524736,229.2084503173828
1763663541.4052541,371146752,219.77120971679688
1763663552.6936474,371441664,230.05723571777344
1763663564.004294,371736576,219.31732177734375
1763663604.0321572,372768768,226.20703125
1763663615.3472536,373063680,230.8907928466797
1763663660.6577098,374243328,227.7145233154297
1763663814.1234393,378224640,226.1033935546875
1763663819.8454714,378372096,228.33963012695312
1763663882.7619078,379994112,228.93179321289062
1763663888.4027138,380141568,227.5174560546875
1763663945.4065619,381616128,225.13938903808594
1763663968.3210278,382205952,222.72657775878906
1763664008.38187,383238144,224.8103485107422
1763664047.9655945,384270336,227.60520935058594
1763664121.5767596,386187264,225.4273223876953
1763664167.008151,387366912,227.53802490234375
1763664172.6287465,387514368,230.0614013671875
1763664212.0897965,388546560,230.5433807373047
1763664228.8635375,388988928,230.4075164794922
1763664234.550345,389136384,229.50436401367188
1763664240.1844172,389283840,226.59214782714844
1763664257.3081005,389726208,231.43450927734375
1763664365.9130507,392527872,223.41741943359375
1763664411.0124483,393707520,232.48475646972656
1763664416.737065,393854976,224.6112060546875
1763664433.9224484,394297344,228.9659881591797
1763664473.677849,395329536,227.8964080810547
1763664490.5185676,395771904,225.89454650878906
1763664501.7388773,396066816,229.71588134765625
1763664518.9823458,396509184,230.11190795898438
1763664542.0191042,397099008,234.77243041992188
1763664593.5700808,398426112,225.40487670898438
1763664627.851198,399310848,227.5669708251953
1763664656.475871,400048128,232.17459106445312
1763664679.3439364,400637952,224.0140838623047
1763664748.427198,402407424,229.44161987304688
1763664754.1172993,402554880,231.71258544921875
1763664777.247328,403144704,229.55413818359375
1763664806.0747056,403881984,224.3035888671875
1763664811.842376,404029440,227.865478515625
1763664817.5280266,404176896,226.82749938964844
1763664834.7902553,404619264,230.2874755859375
1763664886.7481942,405946368,232.73350524902344
1763664892.6717842,406093824,227.49215698242188
1763664898.4325747,406241280,229.82493591308594
1763664927.800121,406978560,232.01922607421875
1763664956.8142705,407715840,227.7968292236328
1763664974.3344173,408158208,226.898681640625
1763665003.5725126,408895488,232.10353088378906
1763665032.449905,409632768,229.7484893798828
1763665073.0594773,410664960,230.48944091796875
1763665142.7401843,412434432,224.8882598876953
1763665230.2750635,414646272,230.45362854003906
1763665299.835273,416415744,231.47080993652344
1763665357.39177,417890304,220.20654296875
1763665380.7774382,418480128,226.09100341796875
1763665415.859378,419364864,225.0511474609375
1763665456.8651772,420397056,230.55422973632812
1763665514.9057705,421871616,227.33656311035156
1763665520.6073453,422019072,228.525390625
1763665630.7110407,424820736,226.41558837890625
1763665636.4862583,424968192,226.99974060058594
1763665688.6171677,426295296,227.6454315185547
1763665700.1280947,426590208,230.50582885742188
1763665845.8335419,430276608,221.57826232910156
1763665863.3333933,430718976,225.47711181640625
1763665880.76279,431161344,232.45477294921875
1763665938.2340581,432635904,230.00955200195312
1763666042.320498,435290112,230.2493133544922
1763666059.6651497,435732480,231.4310302734375
1763666100.0439389,436764672,227.4796600341797
1763666117.467623,437207040,226.4641571044922
1763666129.0745976,437501952,234.42623901367188
1763666163.610192,438386688,228.776611328125
1763666238.4068615,440303616,231.49891662597656
1763666296.6242476,441778176,235.5148162841797
1763666314.1034727,442220544,234.1055145263672
1763666331.5339112,442662912,231.89007568359375
1763666377.8445828,443842560,232.3543243408203
1763666429.848146,445169664,226.59332275390625
1763666516.4736512,447381504,233.6108856201172
1763666591.0367596,449298432,231.076171875
1763666800.358898,454606848,226.36932373046875
1763666806.1594484,454754304,227.2115020751953
1763666875.4739146,456523776,233.49806213378906
1763666916.41428,457555968,228.99024963378906
1763666922.1890118,457703424,229.21478271484375
1763666927.9906774,457850880,232.20440673828125
1763666962.801073,458735616,226.45082092285156
1763666986.1243665,459325440,230.83309936523438
1763667009.2258732,459915264,230.06304931640625
1763667015.0931063,460062720,224.75357055664062
1763667020.8987377,460210176,232.667724609375
1763667050.0647137,460947456,228.66452026367188
1763667061.7249691,461242368,228.9550018310547
1763667160.5913198,463749120,227.76548767089844
1763667322.1484141,467877888,231.06326293945312
1763667351.1276588,468615168,231.55914306640625
1763667403.582958,469942272,223.84461975097656
1763667421.2297602,470384640,227.18597412109375
1763667432.7785017,470679552,231.47923278808594
1763667473.2575235,471711744,233.44091796875
1763667501.9678476,472449024,231.58718872070312
1763667571.4359713,474218496,231.73507690429688
1763667577.216338,474365952,225.45433044433594
1763667594.5250967,474808320,226.7096405029297
1763667606.0958755,475103232,230.77047729492188
1763667646.4821777,476135424,235.18017578125
1763667715.7633064,477904896,228.53005981445312
1763667727.313527,478199808,231.77813720703125
1763667854.5683978,481443840,223.424072265625
1763667872.0282125,481886208,231.13162231445312
1763668044.657238,486309888,236.2779998779297
1763668090.992984,487489536,232.06301879882812
1763668287.7550972,492503040,228.2904815673828
1763668316.377347,493240320,231.22398376464844
1763668379.9658618,494862336,226.66651916503906
1763668432.542311,496189440,230.54278564453125
1763668472.7939374,497221632,228.4954833984375
1763668484.3254833,497516544,226.0469512939453
1763668501.7144537,497958912,233.23809814453125
1763668513.3445055,498253824,235.82150268554688
1763668542.4382071,498991104,232.4344482421875
1763668548.1200354,499138560,225.52276611328125
1763668594.4269824,500318208,232.52566528320312
1763668657.6691232,501940224,229.6150665283203
1763668680.8989062,502530048,234.8973846435547
1763668738.3663244,504004608,229.08294677734375
1763668761.658872,504594432,231.13487243652344
1763668784.579646,505184256,231.18409729003906
1763668830.4214346,506363904,230.33673095703125
1763668858.7672575,507101184,230.95513916015625
1763668945.6136901,509313024,221.8665008544922
1763668985.7664511,510345216,231.8266143798828
1763669025.6982555,511377408,227.51817321777344
1763669105.947274,513441792,228.8622589111328
1763669111.6985626,513589248,230.39076232910156
1763669117.4795825,513736704,230.32199096679688
1763669123.1792579,513884160,231.9159698486328
1763669157.9490602,514768896,231.9345703125
1763669169.4009392,515063808,231.1397247314453
1763669209.5347335,516096000,232.43682861328125
1763669226.8093007,516538368,225.72900390625
1763669290.1265757,518160384,227.85556030273438
1763669358.6859896,519929856,232.58091735839844
1763669410.490854,521256960,232.5190887451172
1763669462.2337117,522584064,233.68606567382812
1763669496.8516436,523468800,228.5063018798828
1763669542.6299255,524648448,232.09518432617188
1763669588.8107927,525828096,228.06649780273438
1763669606.1252153,526270464,233.938232421875
1763669640.8045354,527155200,223.89120483398438
1763669646.7244723,527302656,226.52574157714844
1763669710.4623303,528924672,234.8382568359375
1763669716.1451082,529072128,233.57058715820312
1763669785.829068,530841600,228.11767578125
1763669860.7803826,532758528,230.4651336669922
1763669866.5425746,532905984,231.35430908203125
1763669872.316882,533053440,227.2343292236328
1763669877.9671237,533200896,226.80442810058594
1763669958.8863404,535265280,228.56118774414062
1763670095.974596,538804224,227.58106994628906
1763670113.0119395,539246592,232.1263885498047
1763670124.6361873,539541504,232.91140747070312
1763670136.0435147,539836416,232.31341552734375
1763670153.322045,540278784,229.4745330810547
1763670176.3444402,540868608,236.7953338623047
1763670193.3411233,541310976,228.7998046875
1763670199.1572993,541458432,232.9434356689453
1763670302.212907,544112640,229.8531951904297
1763670359.1587017,545587200,227.24673461914062
1763670428.5044825,547356672,235.03648376464844
1763670456.890627,548093952,234.47976684570312
1763670462.638166,548241408,228.95086669921875
1763670542.845214,550305792,227.1144256591797
1763670616.9517906,552222720,228.88394165039062
1763670622.6135662,552370176,230.6559295654297
1763670633.8130765,552665088,233.09524536132812
1763670639.3765314,552812544,232.55633544921875
1763670656.336398,553254912,231.6726531982422
1763670662.2014134,553402368,235.35479736328125
1763670668.0018082,553549824,226.34078979492188
1763670707.9991248,554582016,233.4567108154297
1763670719.5072412,554876928,231.87864685058594
1763670816.2355292,557383680,235.2938995361328
1763670827.6017513,557678592,231.9753875732422
1763670833.4511144,557826048,235.59388732910156
1763670856.3214302,558415872,229.8383331298828
1763670873.8866768,558858240,230.86724853515625
1763671004.695093,562249728,236.2430419921875
1763671062.3503947,563724288,232.72105407714844
1763671154.2043726,566083584,226.71890258789062
1763671205.6464097,567410688,233.3157196044922
1763671217.3692007,567705600,233.27044677734375
1763671228.8232176,568000512,231.745849609375
1763671274.9545913,569180160,226.37423706054688
1763671326.2316825,570507264,233.9304962158203
1763671343.0486948,570949632,231.36888122558594
1763671514.4909012,575373312,228.91818237304688
1763671548.7720506,576258048,232.21115112304688
1763671566.082401,576700416,231.7760467529297
1763671589.1343832,577290240,230.39356994628906
1763671623.3179948,578174976,231.16265869140625
1763671680.0465927,579649536,226.2277069091797
1763671691.4742978,579944448,233.12020874023438
1763671708.636893,580386816,225.071533203125
1763671805.3242414,582893568,229.64559936523438
1763671828.0241566,583483392,229.42385864257812
1763671879.415267,584810496,232.7556610107422
1763671930.5374408,586137600,232.9535675048828
1763671964.6315317,587022336,231.82876586914062
1763671992.9080276,587759616,231.7961883544922
1763672027.342506,588644352,228.35198974609375
1763672118.829139,591003648,229.48104858398438
1763672141.6447654,591593472,230.89564514160156
1763672153.0301197,591888384,230.77801513671875
1763672204.49635,593215488,228.59829711914062
1763672233.171284,593952768,233.52667236328125
1763672267.2882266,594837504,228.01014709472656
1763672301.3268757,595722240,230.54795837402344
1763672340.9172647,596754432,232.2792205810547
1763672551.1754196,602210304,234.31153869628906
1763672573.7294753,602800128,232.67068481445312
1763672596.4452477,603389952,232.1634521484375
1763672693.9480345,605896704,231.415771484375
1763672728.182872,606781440,229.6511993408203
1763672761.7510042,607666176,230.58740234375
1763672778.803835,608108544,229.12562561035156
1763672903.556994,611352576,232.2083740234375
1763672943.7823293,612384768,231.3489227294922
1763672960.8252814,612827136,227.64747619628906
1763673023.6476045,614449152,233.60348510742188
1763673080.3865845,615923712,236.49786376953125
1763673086.012441,616071168,232.2249298095703
1763673102.9940267,616513536,229.96730041503906
1763673166.2630363,618135552,233.40440368652344
1763673251.8727279,620347392,232.210693359375
1763673331.6823275,622411776,235.6192169189453
1763673365.501029,623296512,232.62625122070312
1763673376.8167713,623591424,234.35711669921875
1763673416.3977218,624623616,232.4560546875
1763673472.7926264,626098176,233.92776489257812
1763673489.601039,626540544,231.3475341796875
1763673506.9160511,626982912,233.3457794189453
1763673512.6293547,627130368,234.15646362304688
1763673535.124506,627720192,232.09242248535156
1763673591.5783486,629194752,232.7293701171875
1763673665.2809474,631111680,232.8721466064453
1763673670.8894873,631259136,230.19732666015625
1763673767.8851187,633765888,230.9228515625
1763673830.9240308,635387904,233.68716430664062
1763673881.4194298,636715008,231.7919158935547
1763673910.2058992,637452288,229.2244873046875
1763673938.9073403,638189568,222.97219848632812
1763673973.1160393,639074304,227.15591430664062
1763674023.9456017,640401408,230.6859130859375
1763674121.4971375,642908160,229.81251525878906
1763674213.773224,645267456,228.15823364257812
1763674231.307507,645709824,228.6101531982422
1763674322.0445874,648069120,231.26785278320312
1763674367.5241103,649248768,233.16197204589844
1763674390.0436456,649838592,230.01776123046875
1763674406.954154,650280960,230.7395782470703
1763674424.5790157,650723328,234.46542358398438
1763674430.4053428,650870784,229.92103576660156
1763674475.9403021,652050432,225.41412353515625
1763674487.3330026,652345344,229.064697265625
1763674550.801881,653967360,233.5525665283203
1763674596.24596,655147008,230.36032104492188
1763674659.800991,656769024,231.78070068359375
1763674682.6144345,657358848,227.78970336914062
1763674728.2941394,658538496,226.09991455078125
1763674860.6741283,661929984,231.90261840820312
1763674895.007763,662814720,229.42849731445312
1763674918.0518372,663404544,231.08746337890625
1763675002.84052,665616384,234.04541015625
1763675037.4269905,666501120,235.28924560546875
1763675054.837667,666943488,229.18719482421875
1763675066.3111598,667238400,230.6600341796875
1763675105.9888146,668270592,223.5210723876953
1763675123.3809116,668712960,226.59640502929688
1763675146.6947,669302784,233.74221801757812
1763675169.871289,669892608,230.48841857910156
1763675175.5569289,670040064,230.16287231445312
1763675277.7848923,672694272,232.92999267578125
1763675289.158959,672989184,232.66665649414062
1763675311.6851876,673579008,226.14425659179688
1763675346.1920974,674463744,228.77113342285156
1763675391.4753685,675643392,232.6777801513672
1763675448.4119513,677117952,225.8423614501953
1763675528.1261942,679182336,229.94485473632812
1763675545.243263,679624704,231.87225341796875
1763675562.2353854,680067072,235.67686462402344
1763675745.5282385,684785664,230.21861267089844
1763675773.7017736,685522944,232.98709106445312
1763675779.2973397,685670400,234.2205352783203
1763675801.914117,686260224,229.06027221679688
1763675824.3519313,686850048,229.65554809570312
1763675829.9956462,686997504,221.39163208007812
1763675847.0375316,687439872,235.6534881591797
1763675875.5336804,688177152,228.80047607421875
1763675938.154796,689799168,230.68524169921875
1763675984.0133853,690978816,230.51199340820312
1763676006.7057393,691568640,228.42218017578125
1763676018.0056126,691863552,229.99127197265625
1763676052.3025591,692748288,231.54542541503906
1763676097.6374295,693927936,225.92428588867188
1763676103.4206233,694075392,230.9812774658203
1763676137.4858084,694960128,232.9661102294922
1763676154.7068286,695402496,228.8508758544922
1763676234.179156,697466880,232.74513244628906
1763676273.7813823,698499072,222.07229614257812
1763676398.3393,701743104,229.14662170410156
1763676438.1012487,702775296,227.94577026367188
1763676471.9291902,703660032,228.68800354003906
1763676494.5063016,704249856,237.15870666503906
1763676500.2615938,704397312,227.8304443359375
1763676574.152989,706314240,233.05978393554688
1763676653.908171,708378624,224.46011352539062
1763676670.8744545,708820992,233.39138793945312
1763676687.863701,709263360,226.39117431640625
1763676699.2043273,709558272,232.65216064453125
1763676710.4620607,709853184,232.06317138671875
1763676800.5591424,712212480,233.3448028564453
1763676812.0050461,712507392,231.07298278808594
1763676823.357435,712802304,232.87600708007812
1763676828.960673,712949760,228.30311584472656
1763676834.596964,713097216,234.3713836669922
1763676874.036945,714129408,235.41671752929688
1763676879.7128894,714276864,229.6782989501953
1763676981.8080637,716931072,230.33151245117188
1763677095.3849783,719880192,229.6243133544922
1763677169.0409238,721797120,235.77381896972656
1763677242.754071,723714048,235.33303833007812
1763677253.9474323,724008960,227.0765838623047
1763677361.8988934,726810624,230.81468200683594
1763677384.5856485,727400448,233.44134521484375
1763677424.352318,728432640,231.7353515625
1763677446.94278,729022464,234.28517150878906
1763677475.1115463,729759744,226.8596954345703
1763677650.232608,734330880,225.62245178222656
1763677707.0130558,735805440,231.175048828125
1763677712.6618934,735952896,229.5265350341797
1763677893.3661406,740671488,231.14089965820312
1763678029.1330082,744210432,230.36412048339844
1763678097.5624378,745979904,229.59841918945312
1763678108.8506653,746274816,227.2758331298828
1763678137.240245,747012096,227.728271484375
1763678193.6456933,748486656,235.1675262451172
1763678210.6804037,748929024,231.88156127929688
1763678216.3104753,749076480,228.16419982910156
1763678261.8882735,750256128,229.6985321044922
1763678273.1179574,750551040,225.28915405273438
1763678301.4761257,751288320,234.4135284423828
1763678510.700939,756744192,227.8361053466797
1763678533.2719822,757334016,228.23475646972656
1763678556.1523824,757923840,235.5232391357422
1763678595.9378767,758956032,232.80612182617188
1763678618.8303232,759545856,231.9084930419922
1763678624.437027,759693312,227.67491149902344
1763678635.8767982,759988224,231.08172607421875
1763678641.524476,760135680,229.5132598876953
1763678709.2819934,761905152,234.7026824951172
1763678760.4106236,763232256,233.04026794433594
1763678822.9995492,764854272,233.76336669921875
1763678884.664344,766476288,230.0745849609375
1763678896.198854,766771200,230.13804626464844
1763678924.5886846,767508480,231.05545043945312
1763678935.8147538,767803392,230.5844268798828
1763678964.2387698,768540672,231.2324981689453
1763678998.1658287,769425408,233.27597045898438
1763679038.1419704,770457600,226.4138946533203
1763679110.9969864,772374528,229.23350524902344
1763679195.7822478,774586368,232.50616455078125
1763679201.390545,774733824,222.93557739257812
1763679224.041054,775323648,228.5962677001953
1763679246.6910572,775913472,230.61337280273438
1763679263.4411106,776355840,231.50534057617188
1763679382.169131,779452416,232.1211395263672
1763679421.8099694,780484608,232.53448486328125
1763679433.3909156,780779520,233.76722717285156
1763679444.7089481,781074432,235.76446533203125
1763679564.4191134,784171008,225.65284729003906
1763679570.0711782,784318464,228.52764892578125
1763679587.2496758,784760832,235.8603973388672
1763679598.7395706,785055744,225.04986572265625
1763679621.359993,785645568,227.6218719482422
1763679626.9375706,785793024,231.75692749023438
1763679655.12068,786530304,232.58792114257812
1763679666.4046288,786825216,232.45968627929688
1763679677.8566966,787120128,233.58106994628906
1763679814.9222622,790659072,229.09890747070312
1763679848.820762,791543808,231.46820068359375
1763679859.9855943,791838720,234.67327880859375
1763679928.037824,793608192,229.1374969482422
1763679989.8704143,795230208,229.1390380859375
1763680040.5527565,796557312,234.2138214111328
1763680046.2050977,796704768,229.5911865234375
1763680069.1517463,797294592,233.6263427734375
1763680126.0745628,798769152,231.37136840820312
1763680165.9017303,799801344,232.8426055908203
1763680188.6089115,800391168,232.16806030273438
1763680228.611792,801423360,233.95472717285156
1763680285.0914786,802897920,233.4440155029297
1763680296.5193539,803192832,230.31204223632812
1763680324.9299402,803930112,231.27532958984375
1763680336.2410293,804225024,233.72604370117188
1763680353.3266902,804667392,232.7876434326172
1763680364.7347403,804962304,222.25509643554688
1763680427.6519349,806584320,222.37515258789062
1763680575.5516667,810418176,223.99929809570312
1763680620.3622966,811597824,231.65396118164062
1763680637.2100594,812040192,230.4742889404297
1763680648.5936975,812335104,234.1013946533203
1763680654.3759212,812482560,229.05255126953125
1763680694.1012197,813514752,228.919921875
1763680716.9300988,814104576,230.03872680664062
1763680728.0922718,814399488,231.3133087158203
1763680745.1479316,814841856,225.56515502929688
1763680853.6322558,817643520,233.87606811523438
1763680893.8110166,818675712,226.7123260498047
1763680922.1689446,819412992,225.6884307861328
1763680978.6155741,820887552,228.73773193359375
1763681046.7234788,822657024,230.99197387695312
1763681189.3222756,826343424,229.23329162597656
1763681410.1050453,832094208,225.41567993164062
1763681466.7060473,833568768,230.95594787597656
1763681546.0744646,835633152,228.41033935546875
1763681574.395054,836370432,234.071044921875
1763681659.626384,838582272,227.00462341308594
1763681767.1451216,841383936,227.2786865234375
1763681806.660031,842416128,231.80819702148438
1763681823.5672302,842858496,231.6260528564453
1763681863.6669784,843890688,220.513427734375
1763681903.5438647,844922880,232.87472534179688
1763681920.829289,845365248,229.71774291992188
1763681960.7516925,846397440,233.7884063720703
1763682017.2494812,847872000,231.844482421875
1763682028.5902288,848166912,235.84532165527344
1763682045.5304172,848609280,230.4393768310547
1763682051.163978,848756736,227.10458374023438
1763682056.923938,848904192,232.5509490966797
1763682062.6027174,849051648,232.79953002929688
1763682102.3111153,850083840,235.360107421875
1763682141.3024125,851116032,230.66827392578125
1763682191.7847738,852443136,233.586669921875
1763682236.9156446,853622784,232.7017059326172
1763682350.238292,856571904,236.3960418701172
1763682480.262327,859963392,233.01870727539062
1763682576.9582973,862470144,232.20782470703125
1763682673.6400924,864976896,235.2709197998047
1763682690.6813085,865419264,232.94015502929688
1763682748.026986,866893824,226.91949462890625
1763682753.681565,867041280,221.40855407714844
1763682764.933407,867336192,232.83802795410156
1763682839.2006505,869253120,226.2175750732422
1763682987.2756042,873086976,224.68055725097656
1763683141.0968153,877068288,224.26919555664062
1763683169.4865296,877805568,231.67724609375
1763683186.474395,878247936,222.34390258789062
1763683232.1053588,879427584,233.36734008789062
1763683266.2902884,880312320,232.58143615722656
1763683328.9446833,881934336,234.2870330810547
1763683379.3900726,883261440,233.44100952148438
1763683418.869522,884293632,232.74046325683594
1763683453.5358133,885178368,229.73228454589844
1763683476.0705724,885768192,234.28224182128906
1763683487.258767,886063104,236.2556610107422
1763683492.8080432,886210560,231.82798767089844
1763683662.363111,890634240,227.66001892089844
1763683684.9840837,891224064,229.34149169921875
1763683690.6324015,891371520,230.27415466308594
1763683736.6413767,892551168,231.52108764648438
1763683866.921768,895942656,230.7108917236328
1763683878.232946,896237568,229.40794372558594
1763683883.9343774,896385024,227.53179931640625
1763683946.3772767,898007040,230.69024658203125
1763683963.1901748,898449408,228.96815490722656
1763684041.5621758,900513792,236.8250732421875
1763684064.2606072,901103616,230.286865234375
1763684075.6970696,901398528,230.88531494140625
1763684143.5787153,903168000,231.92337036132812
1763684189.27314,904347648,229.94357299804688
1763684217.2681336,905084928,230.47080993652344
1763684228.5224838,905379840,229.94778442382812
1763684239.8012016,905674752,227.9197235107422
1763684387.8870769,909508608,234.11727905273438
1763684551.9295802,913784832,225.20123291015625
1763684597.2926705,914964480,227.9515380859375
1763684631.063824,915849216,228.22433471679688
1763684687.4415026,917323776,236.25352478027344
1763684710.0789282,917913600,234.8227081298828
1763684732.509489,918503424,232.9041748046875
1763684755.3408115,919093248,230.5825958251953
1763684772.132965,919535616,235.72366333007812
1763684783.2274785,919830528,230.21658325195312
1763684811.7191324,920567808,228.93067932128906
1763684857.0880473,921747456,226.75027465820312
1763684958.4469748,924401664,226.53436279296875
1763685015.0306516,925876224,230.03121948242188
1763685026.291483,926171136,228.69305419921875
1763685066.0808048,927203328,231.8588104248047
1763685111.0786185,928382976,232.50343322753906
1763685116.8699827,928530432,231.00735473632812
1763685141.4455001,928972800,225.14425659179688
1763685271.7450967,931037184,230.6171417236328
1763685404.9238663,933101568,229.208740234375
1763685436.2059045,933691392,233.68785095214844
1763685442.4505699,933838848,231.22213745117188
1763685448.8100727,933986304,231.7769317626953
1763685529.7724845,935903232,228.44244384765625
1763685566.5281348,936787968,230.61390686035156
1763685597.1073515,937525248,230.68055725097656
1763685603.1340601,937672704,228.67752075195312
1763685615.534438,937967616,232.62774658203125
1763685634.1851537,938409984,224.39390563964844
1763685646.516303,938704896,229.598876953125
1763685665.261551,939147264,229.74853515625
1763685736.246913,940769280,225.79684448242188
1763685961.7506485,944603136,229.78114318847656
1763686137.7191212,947257344,224.73843383789062
1763686283.554992,949469184,231.62049865722656
1763686311.904678,949911552,232.31214904785156
1763686321.6128497,950059008,230.3551483154297
1763686379.6677368,950943744,230.6705780029297
1763686477.4422052,952418304,230.70606994628906
1763686611.270811,954482688,232.92062377929688
1763686746.5634744,956547072,230.8800506591797
1763686785.07634,957136896,232.3437042236328
1763686814.3605156,957579264,232.9467315673828
1763686824.454123,957726720,232.25921630859375
1763687086.5719044,961708032,234.32827758789062
1763687144.8274689,962592768,230.87872314453125
1763687173.5756652,963035136,233.4412078857422
1763687262.7903628,964362240,235.3835906982422
1763687324.5323958,965246976,233.41989135742188
1763687374.1518157,965984256,225.08718872070312
1763687383.823674,966131712,232.21669006347656
1763687393.68354,966279168,228.8967742919922
1763687412.838896,966574080,226.52828979492188
1763687508.516772,967901184,233.31024169921875
1763687543.1294825,968343552,230.7761993408203
1763687568.928672,968638464,231.56222534179688
1763687730.5788743,970997760,235.442626953125
1763687749.99688,971292672,227.68675231933594
1763687779.2970436,971735040,227.5164031982422
1763687829.3953137,972472320,229.95448303222656
1763687868.3377633,973062144,231.11790466308594
1763688026.0307796,975421440,235.0238037109375
1763688035.4588528,975568896,224.2537384033203
1763688075.1764,976158720,230.00592041015625
1763688161.9638336,977485824,235.51657104492188
1763688297.064517,980434944,227.21591186523438
1763688365.9210994,982204416,231.24005126953125
1763688417.3887844,983531520,233.52574157714844
1763688434.2362626,983973888,235.30593872070312
1763688570.4187589,987512832,228.82769775390625
1763688633.2595358,989134848,232.8924102783203
1763688674.1383054,990167040,233.2688446044922
1763688691.4999335,990609408,228.08497619628906
1763688703.1462994,990904320,225.19851684570312
1763688714.8047726,991199232,231.5087890625
1763688726.3019197,991494144,232.58360290527344
1763688761.116608,992378880,228.62905883789062
1763688784.0153723,992968704,234.4371795654297
1763688877.1505902,995328000,231.33331298828125
1763688940.8971624,996950016,222.03729248046875
1763688952.3656595,997244928,232.61566162109375
1763689026.6157403,999161856,232.4960174560547
1763689044.0183005,999604224,232.5023193359375
1763689078.4208443,1000488960,228.2879180908203
1763689174.7839525,1002995712,229.3446044921875
1763689197.4794006,1003585536,225.4171600341797
1763689232.1284761,1004470272,231.88804626464844
1763689285.752096,1005797376,231.9425506591797
1763689293.8219953,1005944832,232.280517578125
1763689359.2635992,1007271936,228.53472900390625
1763689380.822621,1007714304,236.32000732421875
1763689401.6204736,1008156672,230.88966369628906
1763689437.4142718,1008893952,230.84266662597656
1763689451.6833482,1009188864,231.96507263183594
1763689493.8777046,1010073600,228.74034118652344
1763689557.6161158,1011400704,228.2095489501953
1763689607.536702,1012432896,231.23614501953125
1763689636.259984,1013022720,233.0467987060547
1763689671.8412714,1013760000,230.11636352539062
1763689792.809749,1016266752,230.60494995117188
1763689949.5686097,1019510784,232.16748046875
1763689963.688018,1019805696,230.0757598876953
1763689984.8584185,1020248064,232.17405700683594
1763690062.7944353,1021870080,229.82240295410156
1763690112.5261145,1022902272,234.94741821289062
1763690162.165464,1023934464,229.42312622070312
1763690267.9055736,1026146304,226.75453186035156
1763690374.1623077,1028358144,236.24253845214844
1763690381.0708466,1028505600,233.31378173828125
1763690423.209627,1029390336,234.94825744628906
1763690494.0655262,1030864896,229.86203002929688
1763690529.791096,1031602176,231.26675415039062
1763690544.0461998,1031897088,228.8885955810547
1763690565.3588598,1032339456,231.1079864501953
1763690642.985478,1033961472,231.8299560546875
1763690686.0977356,1034846208,228.1205291748047
1763690757.4167998,1036320768,229.1766815185547
1763690764.4037125,1036468224,231.70187377929688
1763690778.5112448,1036763136,234.17739868164062
1763690871.5426438,1038680064,232.3968963623047
1763690921.428007,1039712256,231.96046447753906
1763690935.8848917,1040007168,233.58509826660156
1763690943.2195861,1040154624,225.54006958007812
1763691128.2528574,1043988480,230.3539276123047
1763691177.5690925,1045020672,228.4745635986328
1763691340.8738947,1048412160,235.3885040283203
1763691390.2189882,1049444352,229.69329833984375
1763691411.2836683,1049886720,235.98255920410156
1763691453.6195316,1050771456,232.5019989013672
1763691719.2305355,1056374784,227.16619873046875
1763691811.2664614,1058291712,231.32659912109375
1763691818.206673,1058439168,230.00164794921875
1763691832.4949517,1058734080,234.4825897216797
1763691874.3821716,1059618816,230.7413787841797
1763691895.3873656,1060061184,234.860595703125
1763692021.5232491,1062715392,234.43017578125
1763692077.7503731,1063895040,232.76382446289062
1763692147.8068936,1065369600,229.34982299804688
1763692316.4794624,1068908544,234.64239501953125
1763692345.09398,1069498368,229.0358123779297
1763692402.164897,1070678016,229.93821716308594
1763692430.3878264,1071267840,233.14453125
1763692494.1145592,1072594944,228.34375
1763692501.0806575,1072742400,232.55567932128906
1763692624.7636044,1075396608,224.6143341064453
1763692681.0270782,1076723712,232.71527099609375
1763692718.5531487,1077608448,232.83908081054688
1763692850.1447868,1080705024,225.6209259033203
1763692881.5123656,1081442304,233.2993927001953
1763692906.5216799,1082032128,230.73489379882812
1763692919.1133235,1082327040,226.67532348632812
1763693001.3200717,1084243968,230.7048797607422
1763693014.0199857,1084538880,229.879150390625
1763693032.6879458,1084981248,230.52374267578125
1763693064.0783536,1085718528,232.35533142089844
1763693089.13845,1086308352,226.6859893798828
1763693133.2110403,1087340544,229.57835388183594
1763693152.2070308,1087782912,228.49400329589844
1763693202.8876247,1088962560,228.47190856933594
1763693253.1533005,1090142208,231.3069305419922
1763693402.559584,1093681152,228.32839965820312
1763693446.2312758,1094713344,231.60044860839844
1763693514.4673386,1096335360,232.8564453125
1763693520.8194945,1096482816,230.80270385742188
1763693539.7589216,1096925184,234.0594024658203
1763693558.6533346,1097367552,230.7102813720703
1763693670.635929,1100021760,229.38587951660156
1763693695.6259656,1100611584,235.44622802734375
1763693720.8194797,1101201408,226.73382568359375
1763693733.3125737,1101496320,233.1764373779297
1763693808.155691,1103265792,228.9873809814453
1763693902.680167,1105477632,231.9042510986328
